batsman,total_runs,balls_faced,matches_batted,innings,fours,sixes,dot_balls,dismissals,strike_rate,batting_average,boundary_rate,dot_ball_pct,runs_per_match,sr_powerplay,sr_middle,sr_death,fifties,hundreds
V Kohli,9346,6942,275,6960,847,317,2280,243,134.63,38.46,16.77,32.84,33.99,125.48,130.86,202.87,68,9
RG Sharma,7331,5515,275,5533,661,324,2099,254,132.93,28.86,17.86,38.06,26.66,123.37,126.4,198.0,49,2
S Dhawan,6769,5304,221,5326,768,153,1970,193,127.62,35.07,17.36,37.14,30.63,121.69,131.26,165.78,51,2
DA Warner,6567,4682,184,4702,663,236,1715,164,140.26,40.04,19.2,36.63,35.69,136.32,141.07,179.65,62,4
KL Rahul,5828,4198,149,4209,509,239,1393,129,138.83,45.18,17.82,33.18,39.11,126.69,142.86,186.65,45,6
SK Raina,5536,4025,200,4046,506,204,1334,167,137.54,33.15,17.64,33.14,27.68,129.17,136.82,173.37,39,1
MS Dhoni,5439,3944,241,3966,375,264,1336,158,137.91,34.42,16.2,33.87,22.57,76.6,106.66,187.23,24,0
AM Rahane,5367,4290,197,4294,540,141,1575,179,125.1,29.98,15.87,36.71,27.24,120.76,126.05,164.96,35,2
SV Samson,5181,3667,185,3680,432,243,1270,162,141.29,31.98,18.41,34.63,28.01,128.21,142.72,195.27,27,5
AB de Villiers,5181,3400,170,3411,414,253,1039,125,152.38,41.45,19.62,30.56,30.48,118.41,140.96,235.26,40,3
CH Gayle,4997,3331,141,3346,408,359,1462,127,150.02,39.35,23.03,43.89,35.44,135.29,165.09,209.33,31,6
RV Uthappa,4954,3784,197,3801,481,182,1464,182,130.92,27.22,17.52,38.69,25.15,123.26,133.21,177.35,27,0
KD Karthik,4843,3570,233,3580,466,161,1219,187,135.66,25.9,17.56,34.15,20.79,100.69,124.7,188.55,22,0
F du Plessis,4773,3515,147,3522,440,174,1203,135,135.79,35.36,17.47,34.22,32.47,133.23,129.92,199.04,39,0
JC Buttler,4647,3108,136,3119,459,211,1136,119,149.52,39.05,21.56,36.55,34.17,139.02,150.52,192.55,28,7
Shubman Gill,4598,3267,130,3277,446,152,1047,113,140.74,40.69,18.3,32.05,35.37,131.79,149.22,156.54,32,5
SA Yadav,4581,3094,164,3106,482,178,1059,136,148.06,33.68,21.33,34.23,27.93,136.23,145.66,191.81,31,2
AT Rayudu,4348,3391,185,3409,359,173,1185,152,128.22,28.61,15.69,34.95,23.5,104.46,127.87,172.64,22,1
SS Iyer,4233,3115,144,3121,354,182,1060,123,135.89,34.41,17.21,34.03,29.4,110.47,139.9,194.68,32,1
G Gambhir,4217,3394,151,3404,492,59,1235,134,124.25,31.47,16.23,36.39,27.93,121.43,127.63,139.84,36,0
MK Pandey,4021,3292,162,3301,348,118,1180,136,122.14,29.57,14.16,35.84,24.82,112.31,121.59,159.89,22,1
SR Watson,3880,2801,141,2813,377,190,1164,125,138.52,31.04,20.24,41.56,27.52,115.16,159.95,187.9,21,4
RR Pant,3879,2649,136,2658,351,181,912,116,146.43,33.44,20.08,34.43,28.52,119.41,141.72,205.14,20,2
Ishan Kishan,3600,2527,127,2534,348,166,939,115,142.46,31.3,20.34,37.16,28.35,133.09,145.18,190.96,23,1
RA Jadeja,3526,2705,205,2718,264,122,863,127,130.35,27.76,14.27,31.9,17.2,118.87,111.89,158.44,5,0
Q de Kock,3444,2557,118,2563,334,143,992,110,134.69,31.31,18.65,38.8,29.19,129.2,138.81,206.1,24,3
KA Pollard,3437,2315,168,2329,221,224,842,129,148.47,26.64,19.22,36.37,20.46,92.13,126.89,184.05,16,0
DA Miller,3288,2364,143,2371,235,152,746,95,139.09,34.61,16.37,31.56,22.99,90.66,128.95,173.77,14,1
YK Pathan,3222,2233,153,2245,263,161,781,110,144.29,29.29,18.99,34.98,21.06,146.44,135.17,167.91,13,1
N Rana,3078,2245,121,2251,288,151,894,113,137.1,27.24,19.55,39.82,25.44,112.9,146.63,188.76,22,0
HH Pandya,2964,2032,150,2041,228,157,687,107,145.87,27.7,18.95,33.81,19.76,107.23,130.72,178.99,10,0
WP Saha,2934,2296,143,2300,296,87,865,118,127.79,24.86,16.68,37.67,20.52,128.72,117.18,156.94,13,1
BB McCullum,2882,2176,109,2190,293,130,938,106,132.44,27.19,19.44,43.11,26.44,128.29,131.81,216.44,13,2
PA Patel,2848,2350,136,2358,365,49,993,127,121.19,22.43,17.62,42.26,20.94,121.27,119.57,140.0,13,0
RD Gaikwad,2839,2103,84,2112,260,107,745,73,135.0,38.89,17.45,35.43,33.8,126.94,140.85,179.03,22,2
GJ Maxwell,2820,1815,134,1823,238,161,653,117,155.37,24.1,21.98,35.98,21.04,134.12,157.43,182.52,18,0
MA Agarwal,2764,2055,125,2067,275,100,769,118,134.5,23.42,18.25,37.42,22.11,122.57,145.73,214.44,13,1
Yuvraj Singh,2754,2115,126,2122,218,149,890,109,130.21,25.27,17.35,42.08,21.86,97.41,124.92,181.02,13,0
V Sehwag,2728,1740,104,1755,334,106,650,98,156.78,27.84,25.29,37.36,26.23,146.67,178.78,235.71,16,2
AD Russell,2655,1518,114,1534,187,223,608,92,174.9,28.86,27.01,40.05,23.29,215.38,155.17,204.71,12,0
M Vijay,2619,2148,105,2150,247,91,927,96,121.93,27.28,15.74,43.16,24.94,113.01,141.36,168.18,13,2
YBK Jaiswal,2593,1717,82,1722,311,110,691,76,151.02,34.12,24.52,40.24,31.62,155.76,136.55,225.0,18,2
N Pooran,2527,1576,100,1578,169,186,578,82,160.34,30.82,22.53,36.68,25.27,144.86,156.64,176.83,15,0
B Sai Sudharsan,2515,1725,57,1733,258,83,537,51,145.8,49.31,19.77,31.13,44.12,134.34,147.7,208.2,20,3
SPD Smith,2495,1931,93,1945,226,60,602,78,129.21,31.99,14.81,31.18,26.83,120.71,120.26,173.67,11,1
SE Marsh,2489,1866,69,1871,269,78,693,65,133.39,38.29,18.6,37.14,36.07,112.66,150.74,163.46,20,1
JH Kallis,2427,2213,95,2222,255,44,909,89,109.67,27.27,13.51,41.08,25.55,103.58,102.87,194.23,17,0
DR Smith,2385,1755,88,1764,245,117,787,81,135.9,29.44,20.63,44.84,27.1,125.0,153.65,155.41,17,0
Abhishek Sharma,2379,1429,89,1433,224,144,530,82,166.48,29.01,25.75,37.09,26.73,166.44,167.87,160.78,13,2
SR Tendulkar,2334,1941,78,1948,296,29,773,71,120.25,32.87,16.74,39.82,29.92,114.85,123.22,169.23,13,1
RA Tripathi,2291,1655,98,1662,229,85,603,86,138.43,26.64,18.97,36.44,23.38,137.7,135.18,168.0,12,0
D Padikkal,2270,1718,89,1722,241,80,669,85,132.13,26.71,18.68,38.94,25.51,132.11,131.05,144.29,14,1
MP Stoinis,2242,1530,108,1536,181,117,528,79,146.54,28.38,19.48,34.51,20.76,120.91,132.93,187.64,10,1
R Dravid,2174,1878,82,1882,269,28,780,77,115.76,28.23,15.81,41.53,26.51,106.81,119.63,179.78,11,0
KS Williamson,2132,1692,76,1697,187,64,583,59,126.0,36.14,14.83,34.46,28.05,98.48,134.63,168.66,18,0
S Dube,2129,1500,87,1502,132,137,541,68,141.93,31.31,17.93,36.07,24.47,100.0,139.22,157.69,10,0
H Klaasen,2104,1291,60,1297,146,120,347,49,162.97,42.94,20.6,26.88,35.07,129.17,155.88,190.77,13,2
AJ Finch,2092,1626,90,1635,214,78,683,84,128.66,24.9,17.96,42.0,23.24,116.13,140.13,162.4,15,0
AR Patel,2089,1576,134,1580,146,100,531,99,132.55,21.1,15.61,33.69,15.59,102.44,121.22,157.69,4,0
AC Gilchrist,2069,1483,80,1495,239,92,673,76,139.51,27.22,22.32,45.38,25.86,133.79,152.54,208.0,11,2
JP Duminy,2029,1631,75,1636,126,79,516,49,124.4,41.41,12.57,31.64,27.05,98.35,108.75,182.1,14,0
KH Pandya,1982,1491,123,1492,173,76,551,86,132.93,23.05,16.7,36.96,16.11,101.67,125.76,158.1,3,0
MEK Hussey,1977,1610,58,1612,198,52,606,52,122.8,38.02,15.53,37.64,34.09,105.78,136.47,188.51,15,1
PP Shaw,1892,1280,79,1283,238,61,483,77,147.81,24.57,23.36,37.73,23.95,143.43,163.24,163.64,14,0
R Parag,1879,1315,86,1318,136,108,466,73,142.89,25.74,18.56,35.44,21.85,125.73,139.88,162.32,9,0
P Simran Singh,1865,1208,65,1209,196,94,467,64,154.39,29.14,24.01,38.66,28.69,149.87,162.1,172.5,14,1
Tilak Varma,1858,1301,65,1304,143,91,422,50,142.81,37.16,17.99,32.44,28.58,118.66,134.25,200.0,10,1
MR Marsh,1855,1280,62,1280,155,111,501,59,144.92,31.44,20.78,39.14,29.92,153.52,134.57,151.54,12,2
SP Narine,1820,1118,122,1119,191,120,519,98,162.79,18.57,27.82,46.42,14.92,164.78,184.56,92.38,7,1
DPMD Jayawardene,1808,1462,78,1464,200,40,560,64,123.67,28.25,16.42,38.3,23.18,115.99,115.97,180.92,10,1
KK Nair,1712,1309,78,1311,188,49,508,74,130.79,23.14,18.11,38.81,21.95,123.99,126.48,190.09,11,0
Mandeep Singh,1706,1385,97,1388,176,38,523,84,123.18,20.31,15.45,37.76,17.59,115.21,118.44,160.59,6,0
MK Tiwary,1695,1444,83,1449,156,40,530,60,117.38,28.25,13.57,36.7,20.42,95.72,110.53,155.11,7,0
KC Sangakkara,1687,1385,68,1392,195,27,515,69,121.81,24.45,16.03,37.18,24.81,112.03,124.8,157.78,10,0
VR Iyer,1677,1189,62,1190,157,78,457,54,141.04,31.06,19.76,38.44,27.05,137.52,138.75,169.03,13,1
JM Bairstow,1674,1145,52,1149,173,74,445,50,146.2,33.48,21.57,38.86,32.19,145.82,146.21,155.17,9,2
AK Markram,1671,1241,66,1244,131,68,385,55,134.65,30.38,16.04,31.02,25.32,125.81,130.76,182.84,10,0
RM Patidar,1612,1003,52,1004,106,110,316,48,160.72,33.58,21.54,31.51,31.0,115.18,173.09,194.07,14,1
SO Hetmyer,1566,1063,85,1068,99,96,368,59,147.32,26.54,18.34,34.62,18.42,103.85,125.0,178.65,5,0
DJ Bravo,1560,1196,110,1204,120,66,452,69,130.43,22.61,15.55,37.79,14.18,98.68,97.92,190.02,5,0
TM Head,1556,942,52,945,172,78,348,48,165.18,32.42,26.54,36.94,29.92,172.46,143.22,195.83,10,1
NV Ojha,1554,1308,94,1313,121,79,599,74,118.81,21.0,15.29,45.8,16.53,99.63,127.74,144.24,6,0
DJ Hooda,1497,1170,101,1175,98,62,389,81,127.95,18.48,13.68,33.25,14.82,94.47,130.83,150.21,8,0
SS Tiwary,1494,1235,73,1244,111,50,428,49,120.97,30.49,13.04,34.66,20.47,109.63,114.12,151.59,8,0
S Badrinath,1441,1208,65,1212,154,28,458,48,119.29,30.02,15.07,37.91,22.17,82.17,123.23,163.68,11,0
EJG Morgan,1406,1147,74,1148,112,64,478,61,122.58,23.05,15.34,41.67,19.0,93.36,117.2,168.33,5,0
BJ Hodge,1400,1112,63,1118,122,43,399,46,125.9,30.43,14.84,35.88,22.22,92.57,116.16,169.76,6,0
RK Singh,1398,968,62,974,115,67,326,43,144.42,32.51,18.8,33.68,22.55,127.27,114.36,190.64,6,0
SC Ganguly,1349,1257,56,1263,137,42,594,54,107.32,24.98,14.24,47.26,24.09,97.7,109.78,175.38,7,0
CA Lynn,1329,941,42,945,132,66,387,39,141.23,34.08,21.04,41.13,31.64,144.39,135.46,136.36,10,0
DJ Hussey,1322,1070,61,1075,90,60,397,48,123.55,27.54,14.02,37.1,21.67,103.73,116.6,177.56,5,0
R Tewatia,1302,954,91,958,110,62,351,56,136.48,23.25,18.03,36.79,14.31,81.25,103.07,169.92,2,0
PD Salt,1258,729,40,733,138,67,267,38,172.57,33.11,28.12,36.63,31.45,168.92,179.5,218.18,12,0
V Shankar,1233,952,63,954,88,48,308,46,129.52,26.8,14.29,32.35,19.57,91.72,121.2,172.84,7,0
KM Jadhav,1208,969,81,981,102,40,341,54,124.66,22.37,14.65,35.19,14.91,88.43,121.41,143.38,4,0
Dhruv Jurel,1195,793,51,793,98,62,253,38,150.69,31.45,20.18,31.9,23.43,153.54,137.53,171.98,10,0
A Badoni,1178,852,56,853,96,47,283,46,138.26,25.61,16.78,33.22,21.04,119.47,122.62,170.14,7,0
MM Ali,1167,834,59,837,95,67,328,50,139.93,23.34,19.42,39.33,19.78,122.08,140.08,176.52,6,0
TM Dilshan,1153,1001,50,1007,140,24,451,41,115.18,28.12,16.38,45.05,23.06,108.15,108.5,188.37,9,0
TH David,1151,665,59,667,76,83,210,35,173.08,32.89,23.91,31.58,19.51,,139.93,197.64,2,0
IK Pathan,1150,947,82,950,88,38,336,52,121.44,22.12,13.31,35.48,14.02,113.79,96.83,158.15,1,0
ML Hayden,1107,799,32,806,121,44,332,27,138.55,41.0,20.65,41.55,34.59,133.2,141.43,200.0,8,0
JM Sharma,1107,732,59,734,86,68,275,48,151.23,23.06,21.04,37.57,18.76,84.62,142.83,180.09,1,0
M Vohra,1083,828,51,829,104,43,358,48,130.8,22.56,17.75,43.24,21.24,124.75,142.31,200.0,3,0
DP Conway,1080,776,28,779,117,34,271,25,139.18,43.2,19.46,34.92,38.57,124.15,156.29,154.17,11,0
LMP Simmons,1079,848,29,852,109,44,372,27,127.24,39.96,18.04,43.87,37.21,118.47,141.4,128.0,11,1
LS Livingstone,1066,687,49,694,70,76,249,41,155.17,26.0,21.25,36.24,21.76,130.32,145.74,219.01,7,0
C Green,1029,687,42,690,84,49,210,29,149.78,35.48,19.36,30.57,24.5,142.86,146.67,170.4,4,1
V Suryavanshi,1028,473,23,473,81,96,178,23,217.34,44.7,37.42,37.63,44.7,213.83,219.74,290.0,6,2
LRPL Taylor,1017,818,54,822,66,46,307,41,124.33,24.8,13.69,37.53,18.83,126.45,113.07,165.93,3,0
KP Pietersen,1001,742,36,743,91,40,275,28,134.91,35.75,17.65,37.06,27.81,130.19,129.14,200.0,4,1
MC Henriques,1000,785,54,788,87,28,269,38,127.39,26.32,14.65,34.27,18.52,123.76,110.05,175.76,5,0
SM Curran,997,731,53,735,85,41,256,41,136.39,24.32,17.24,35.02,18.81,110.06,121.07,186.8,6,0
T Stubbs,986,660,43,661,69,47,173,23,149.39,42.87,17.58,26.21,22.93,106.82,118.13,201.98,5,0
Y Venugopal Rao,985,832,52,836,77,37,324,42,118.39,23.45,13.7,38.94,18.94,82.64,111.67,157.87,3,0
JA Morkel,975,683,67,687,61,55,226,40,142.75,24.38,16.98,33.09,14.55,121.74,120.13,164.55,3,0
A Symonds,974,745,36,750,74,41,273,26,130.74,37.46,15.44,36.64,27.06,104.58,126.69,168.31,5,1
CL White,971,757,45,760,76,38,260,35,128.27,27.74,15.06,34.35,21.58,89.17,121.24,191.22,6,0
BA Stokes,935,695,43,698,81,32,231,41,134.53,22.8,16.26,33.24,21.74,129.13,133.91,150.59,2,2
Priyansh Arya,909,491,31,491,87,63,185,31,185.13,29.32,30.55,37.68,29.32,181.77,195.76,,6,1
Shashank Singh,905,578,42,578,67,51,173,24,156.57,37.71,20.42,29.93,21.55,137.14,126.8,193.65,6,0
Washington Sundar,888,672,59,673,82,28,226,42,132.14,21.14,16.37,33.63,15.05,115.09,112.46,160.22,3,0
HH Gibbs,886,805,36,807,83,31,378,32,110.06,27.69,14.16,46.96,24.61,103.93,112.54,174.29,6,0
A Raghuvanshi,885,624,30,624,86,35,208,25,141.83,35.4,19.39,33.33,29.5,138.68,138.84,161.18,7,0
STR Binny,880,682,66,683,66,35,251,44,129.03,20.0,14.81,36.8,13.33,69.39,120.57,160.0,0,0
Abdul Samad,859,584,58,587,55,55,207,47,147.09,18.28,18.84,35.45,14.81,120.0,121.62,174.2,0,0
RD Rickelton,836,513,26,513,78,55,207,24,162.96,34.83,25.93,40.35,32.15,158.29,173.15,171.43,5,1
R Ashwin,833,704,93,705,64,29,257,62,118.32,13.44,13.21,36.51,8.96,102.38,106.19,134.5,1,0
Harbhajan Singh,833,599,88,604,79,42,251,56,139.07,14.88,20.2,41.9,9.47,114.06,106.55,158.31,1,0
MS Bisla,798,700,39,702,93,23,339,37,114.0,21.57,16.57,48.43,20.46,106.33,128.11,160.0,4,0
Shakib Al Hasan,795,635,52,639,73,21,212,39,125.2,20.38,14.8,33.39,15.29,88.46,118.45,150.55,2,0
Nithish Kumar Reddy,787,557,35,557,50,46,188,28,141.29,28.11,17.24,33.75,22.49,88.46,142.22,184.87,3,0
N Wadhera,784,572,37,572,64,43,223,32,137.06,24.5,18.71,38.99,21.19,107.94,138.71,152.0,4,0
M Shahrukh Khan,775,529,53,529,49,52,190,33,146.5,23.48,19.09,35.92,14.62,112.12,132.41,171.84,2,0
Abishek Porel,769,539,33,540,80,28,188,32,142.67,24.03,20.04,34.88,23.3,141.38,135.91,206.9,4,0
ST Jayasuriya,768,529,30,532,84,39,251,29,145.18,26.48,23.25,47.45,25.6,139.85,160.74,,4,1
SN Khan,746,544,43,548,86,20,194,36,137.13,20.72,19.49,35.66,17.35,137.78,110.61,184.83,2,0
GC Smith,739,664,29,668,94,9,295,30,111.3,24.63,15.51,44.43,25.48,95.59,137.91,163.64,4,0
AD Mathews,724,573,41,575,44,29,183,31,126.35,23.35,12.74,31.94,17.66,68.75,114.46,154.07,1,0
Naman Dhir,710,438,33,439,68,36,138,26,162.1,27.31,23.74,31.51,21.52,144.54,147.93,192.0,3,0
TL Suman,676,573,39,575,55,26,241,30,117.98,22.53,14.14,42.06,17.33,102.5,125.0,131.51,2,0
AM Nayar,672,573,50,577,55,20,223,39,117.28,17.23,13.09,38.92,13.44,84.04,108.53,161.15,0,0
GJ Bailey,663,541,36,544,59,19,198,29,122.55,22.86,14.42,36.6,18.42,99.38,95.13,187.58,2,0
E Lewis,654,477,26,477,62,36,212,24,137.11,27.25,20.55,44.44,25.15,140.26,128.57,160.0,4,0
PJ Cummins,642,420,51,422,40,44,163,36,152.86,17.83,20.0,38.81,12.59,20.0,147.25,160.09,3,0
Rashid Khan,635,408,72,414,45,43,166,47,155.64,13.51,21.57,40.69,8.82,,121.15,167.43,1,0
PP Chawla,624,561,86,563,56,20,245,57,111.23,10.95,13.55,43.67,7.26,114.29,91.52,124.77,0,0
CH Morris,618,397,49,398,41,35,119,29,155.67,21.31,19.14,29.97,12.61,211.11,113.6,173.76,2,0
JJ Roy,614,441,21,443,75,21,178,18,139.23,34.11,21.77,40.36,29.24,131.17,155.75,170.0,4,0
D Brevis,606,428,24,428,38,43,170,24,141.59,25.25,18.93,39.72,25.25,108.7,142.18,209.52,2,0
JD Ryder,604,455,29,458,69,19,191,29,132.75,20.83,19.34,41.98,20.83,132.28,131.46,147.37,4,0
Shahbaz Ahmed,603,487,40,489,33,28,168,30,123.82,20.1,12.53,34.5,15.08,80.56,108.07,160.24,1,0
WG Jacks,602,382,26,383,50,38,136,21,157.59,28.67,23.04,35.6,23.15,148.84,160.11,204.55,2,1
HM Amla,577,406,16,407,60,21,139,13,142.12,44.38,19.95,34.24,36.06,124.89,150.35,213.16,3,2
Ashutosh Sharma,564,348,26,351,39,40,123,20,162.07,28.2,22.7,35.34,21.69,,130.4,179.82,2,0
R Powell,555,399,30,399,38,38,167,25,139.1,22.2,19.05,41.85,18.5,115.38,111.57,187.5,1,0
JP Inglis,544,328,16,328,58,28,119,15,165.85,36.27,26.22,36.28,34.0,189.51,144.06,134.78,4,0
CJ Anderson,538,421,29,423,40,31,185,22,127.79,24.45,16.86,43.94,18.55,79.27,123.97,197.22,3,0
RS Bopara,531,453,22,453,39,16,160,19,117.22,27.95,12.14,35.32,24.14,94.44,118.31,161.54,3,0
MK Lomror,527,372,35,373,33,30,120,29,141.67,18.17,16.94,32.26,15.06,80.85,156.48,138.53,1,0
JP Faulkner,527,385,45,390,36,23,127,28,136.88,18.82,15.32,32.99,11.71,70.0,93.94,166.95,0,0
SE Rutherford,520,390,27,390,30,38,166,23,133.33,22.61,17.44,42.56,19.26,26.32,131.03,148.21,1,0
M Manhas,514,470,38,470,43,10,181,24,109.36,21.42,11.28,38.51,13.53,86.11,99.6,136.91,0,0
Gurkeerat Singh,511,422,32,422,55,11,156,27,121.09,18.93,15.64,36.97,15.97,90.57,107.38,160.8,2,0
OA Shah,506,388,22,389,34,23,133,13,130.41,38.92,14.69,34.28,23.0,107.14,120.7,151.88,4,0
PC Valthaty,505,414,23,418,61,20,215,22,121.98,22.95,19.57,51.93,21.96,109.76,146.15,207.69,2,1
SW Billings,503,385,27,388,40,20,139,26,130.65,19.35,15.58,36.1,18.63,125.64,126.13,165.22,3,0
C Connolly,491,316,13,316,43,32,125,11,155.38,44.64,23.73,39.56,37.77,126.85,153.85,241.03,2,1
RR Rossouw,473,306,22,308,45,25,115,21,154.58,22.52,22.88,37.58,21.5,130.43,161.82,215.38,2,0
DT Christian,460,394,41,398,23,19,134,28,116.75,16.43,10.66,34.01,11.22,35.71,100.52,139.57,0,0
A Mhatre,441,250,13,250,51,23,89,12,176.4,36.75,29.6,35.6,33.92,179.74,180.46,90.0,3,0
Sameer Rizvi,424,304,18,304,30,26,119,14,139.47,30.29,18.42,39.14,23.56,56.25,134.78,195.38,3,0
NLTC Perera,424,306,30,309,23,26,112,24,138.56,17.67,16.01,36.6,14.13,137.5,116.15,166.67,0,0
SA Asnodkar,423,337,19,339,56,10,149,19,125.52,22.26,19.58,44.21,22.26,128.21,119.42,,2,0
JR Hopes,417,305,19,306,49,11,111,17,136.72,24.53,19.67,36.39,21.95,126.0,148.31,143.24,4,0
R Ravindra,413,289,18,290,40,16,99,16,142.91,25.81,19.38,34.26,22.94,136.19,147.14,266.67,2,0
J Botha,409,358,28,359,39,5,133,22,114.25,18.59,12.29,37.15,14.61,80.28,114.81,137.76,1,0
LR Shukla,405,350,33,350,33,16,144,29,115.71,13.97,14.0,41.14,12.27,58.33,100.97,144.27,0,0
AL Menaria,401,354,23,356,24,18,140,22,113.28,18.23,11.86,39.55,17.43,88.0,111.52,131.67,0,0
MV Boucher,394,307,23,309,32,13,107,15,128.34,26.27,14.66,34.85,17.13,93.1,110.59,165.74,1,0
CA Pujara,390,390,22,391,50,4,187,18,100.0,21.67,13.85,47.95,17.73,93.78,103.33,137.93,1,0
Azhar Mahmood,388,303,21,303,39,13,116,19,128.05,20.42,17.16,38.28,18.48,90.91,126.57,152.38,2,0
J Fraser-McGurk,385,192,15,194,39,30,83,14,200.52,27.5,35.94,43.23,25.67,213.16,152.5,,4,0
A Mishra,381,417,55,419,31,5,177,30,91.37,12.7,8.63,42.45,6.93,83.33,68.37,113.4,0,0
KR Mayers,379,258,13,263,38,22,124,13,146.9,29.15,23.26,48.06,29.15,141.98,169.57,,4,0
DB Ravi Teja,375,315,25,317,35,9,116,20,119.05,18.75,13.97,36.83,15.0,94.2,118.24,140.23,1,0
S Sohal,368,289,20,292,34,18,136,18,127.34,20.44,17.99,47.06,18.4,128.45,137.5,44.44,2,0
P Negi,365,288,35,289,27,16,112,26,126.74,14.04,14.93,38.89,10.43,62.5,108.94,143.95,0,0
Rahmanullah Gurbaz,363,270,18,271,34,22,134,17,134.44,21.35,20.74,49.63,20.17,127.88,156.45,,2,0
B Kumar,354,379,75,380,34,4,175,37,93.4,9.57,10.03,46.17,4.72,,67.07,100.67,0,0
KV Sharma,352,295,40,295,20,17,113,25,119.32,14.08,12.54,38.31,8.8,71.43,95.0,141.61,0,0
DJ Mitchell,351,267,15,267,28,10,75,13,131.46,27.0,14.23,28.09,23.4,137.76,127.14,131.03,2,0
SN Thakur,349,268,43,269,32,13,101,28,130.22,12.46,16.79,37.69,8.12,0.0,128.7,134.9,1,0
FH Allen,349,168,11,168,33,28,63,11,207.74,31.73,36.31,37.5,31.73,175.42,284.0,,1,1
R Bhatia,342,284,47,284,24,13,104,29,120.42,11.79,13.03,36.62,7.28,100.0,82.35,155.78,0,0
P Kumar,340,312,57,314,22,17,148,34,108.97,10.0,12.5,47.44,5.96,75.0,100.0,112.45,0,0
AP Tare,339,272,27,273,40,11,129,24,124.63,14.12,18.75,47.43,12.56,114.62,158.97,161.9,1,0
JEC Franklin,327,300,16,301,25,9,115,11,109.0,29.73,11.33,38.33,20.44,84.31,110.88,152.94,1,0
JC Archer,326,224,40,228,18,22,84,24,145.54,13.58,17.86,37.5,8.15,0.0,114.52,161.39,0,0
D Ferreira,326,195,16,195,26,23,75,12,167.18,27.17,25.13,38.46,20.38,116.67,137.78,202.15,2,0
RN ten Doeschate,326,235,21,235,26,15,77,17,138.72,19.18,17.45,32.77,15.52,85.71,110.0,173.87,1,0
JO Holder,324,264,34,266,16,21,111,26,122.73,12.46,14.02,42.05,9.53,54.17,125.88,131.61,0,0
Anuj Rawat,318,267,21,267,26,14,114,14,119.1,22.71,14.98,42.7,15.14,97.92,93.27,189.55,1,0
Aniket Verma,315,205,20,205,18,25,81,15,153.66,21.0,20.98,39.51,15.75,100.0,142.2,181.01,1,0
R Vinay Kumar,310,274,42,274,21,9,103,26,113.14,11.92,10.95,37.59,7.38,,91.03,121.94,0,0
Lalit Yadav,305,285,21,290,27,7,116,15,107.02,20.33,11.93,40.7,14.52,70.45,109.6,125.0,0,0
DB Das,304,260,22,261,23,16,117,12,116.92,25.33,15.0,45.0,13.82,115.79,108.2,130.86,0,0
C de Grandhomme,303,224,21,225,18,18,82,15,135.27,20.2,16.07,36.61,14.43,11.11,141.88,138.78,0,0
LA Pomersbach,302,243,16,246,25,13,102,11,124.28,27.45,15.64,41.98,18.88,133.33,104.1,173.53,1,0
UBT Chand,300,299,20,300,32,9,155,20,100.33,15.0,13.71,51.84,15.0,94.8,109.32,87.5,1,0
Ramandeep Singh,299,206,26,208,17,19,71,16,145.15,18.69,17.48,34.47,11.5,80.0,115.93,186.36,0,0
Kartik Sharma,295,220,11,220,24,16,88,9,134.09,32.78,18.18,40.0,26.82,134.78,123.03,171.11,2,0
DJG Sammy,295,241,20,241,15,18,98,15,122.41,19.67,13.69,40.66,14.75,155.56,105.62,155.56,1,0
SP Goswami,293,293,21,295,32,3,131,20,100.0,14.65,11.95,44.71,13.95,97.3,108.51,78.57,1,0
A Manohar,292,236,20,236,23,14,92,19,123.73,15.37,15.68,38.98,14.6,66.67,110.61,166.23,0,0
Y Nagar,285,259,20,259,20,9,101,15,110.04,19.0,11.2,39.0,14.25,45.45,90.34,144.66,0,0
GH Vihari,284,319,23,321,23,1,136,20,89.03,14.2,7.52,42.63,12.35,71.03,95.62,105.77,0,0
VVS Laxman,282,266,20,267,33,5,119,16,106.02,17.62,14.29,44.74,14.1,100.0,130.0,50.0,1,0
HV Patel,280,239,44,239,18,15,101,29,117.15,9.66,13.81,42.26,6.36,,95.6,130.41,0,0
B Chipli,280,250,21,251,28,7,104,16,112.0,17.5,14.0,41.6,13.33,77.65,112.4,177.27,1,0
A Ashish Reddy,280,193,23,193,16,15,58,15,145.08,18.67,16.06,30.05,12.17,83.33,138.33,151.18,0,0
MJ Lumb,278,191,12,194,45,6,89,10,145.55,27.8,26.7,46.6,23.17,147.62,130.43,,1,0
P Nissanka,278,180,10,180,33,12,71,10,154.44,27.8,25.0,39.44,27.8,164.34,116.22,,2,0
PBB Rajapaksa,277,190,13,191,22,15,70,12,145.79,23.08,19.47,36.84,21.31,158.11,141.07,50.0,1,0
PK Garg,273,238,19,241,16,9,86,19,114.71,14.37,10.5,36.13,14.37,98.31,107.38,183.33,1,0
MJ Guptill,271,196,13,197,24,15,88,12,138.27,22.58,19.9,44.9,20.85,138.46,137.04,,1,0
R Sathish,270,230,24,231,22,6,87,16,117.39,16.88,12.17,37.83,11.25,0.0,102.42,144.44,0,0
R Shepherd,268,155,19,156,18,22,59,12,172.9,22.33,25.81,38.06,14.11,,129.82,197.96,1,0
K Rabada,262,241,34,242,21,11,110,20,108.71,13.1,13.28,45.64,7.71,60.0,79.8,131.39,0,0
Atharva Taide,260,179,10,179,30,8,65,9,145.25,28.89,21.23,36.31,26.0,153.39,129.51,,2,0
M Kaif,259,249,22,250,22,6,111,16,104.02,16.19,11.24,44.58,11.77,69.39,111.83,116.13,0,0
Harpreet Brar,249,206,27,206,20,10,83,13,120.87,19.15,14.56,40.29,9.22,,87.5,138.81,0,0
K Gowtham,247,148,27,148,15,17,51,18,166.89,13.72,21.62,34.46,9.15,114.29,142.62,190.0,0,0
SM Katich,241,185,11,186,26,8,80,10,130.27,24.1,18.38,43.24,21.91,129.75,131.37,130.77,2,0
BCJ Cutting,238,141,17,141,15,19,53,11,168.79,21.64,24.11,37.59,14.0,50.0,96.67,190.83,0,0
MD Mishra,237,206,17,208,24,8,97,15,115.05,15.8,15.53,47.09,13.94,108.27,120.69,153.33,0,0
Mohammad Nabi,221,151,19,152,18,12,55,17,146.36,13.0,19.87,36.42,11.63,164.71,140.0,147.3,0,0
SB Dubey,220,146,17,146,17,13,50,11,150.68,20.0,20.55,34.25,12.94,233.33,112.0,166.67,0,0
K Goel,218,231,16,231,17,9,122,13,94.37,16.77,11.26,52.81,13.62,97.62,73.17,109.09,0,0
AA Jhunjhunwala,217,209,15,210,19,5,89,14,103.83,15.5,11.48,42.58,14.47,59.62,111.76,139.47,1,0
R Dhawan,210,187,22,187,18,7,84,10,112.3,21.0,13.37,44.92,9.55,,81.4,138.61,0,0
Kuldeep Yadav,210,255,41,255,18,3,128,15,82.35,14.0,8.24,50.2,5.12,,60.61,89.95,0,0
UT Yadav,208,201,48,201,16,9,96,20,103.48,10.4,12.44,47.76,4.33,,60.0,114.29,0,0
CA Ingram,205,179,15,180,22,5,74,12,114.53,17.08,15.08,41.34,13.67,70.37,113.68,151.43,0,0
PD Collingwood,203,156,7,156,9,13,57,4,130.13,50.75,14.1,36.54,29.0,116.13,114.77,178.38,3,0
JD Unadkat,201,169,28,169,16,7,67,14,118.93,14.36,13.61,39.64,7.18,,96.08,128.81,0,0
KS Bharat,199,161,8,163,12,8,56,7,123.6,28.43,12.42,34.78,24.88,110.26,124.29,200.0,1,0
SK Warne,198,213,27,214,14,6,100,19,92.96,10.42,9.39,46.95,7.33,,82.0,102.65,0,0
Urvil Patel,197,102,10,102,11,20,44,10,193.14,19.7,30.39,43.14,19.7,200.0,176.67,,1,0
SP Fleming,196,162,10,165,27,3,78,9,120.99,21.78,18.52,48.15,19.6,116.0,137.84,,0,0
AS Raut,194,167,16,167,13,7,62,11,116.17,17.64,11.98,37.13,12.12,83.33,97.47,140.79,0,0
BJ Rohrer,193,141,8,141,21,5,52,7,136.88,27.57,18.44,36.88,24.12,50.0,109.17,243.33,1,0
Salman Butt,193,160,7,161,30,2,75,7,120.62,27.57,20.0,46.88,27.57,110.28,139.22,200.0,1,0
YV Takawale,192,177,10,178,26,3,95,8,108.47,24.0,16.38,53.67,19.2,92.14,136.0,241.67,0,0
M Jansen,192,181,25,181,9,9,73,16,106.08,12.0,9.94,40.33,7.68,100.0,100.0,108.21,0,0
HC Brook,190,153,11,154,23,4,65,9,124.18,21.11,17.65,42.48,17.27,109.78,146.34,145.0,0,1
Bipul Sharma,187,123,17,123,11,9,33,6,152.03,31.17,16.26,26.83,11.0,,134.62,156.7,0,0
MS Wade,183,177,14,177,23,2,85,13,103.39,14.08,14.12,48.02,13.07,110.81,90.91,,0,0
SD Hope,183,122,9,122,12,12,45,8,150.0,22.88,19.67,36.89,20.33,138.57,175.56,100.0,0,0
FY Fazal,183,172,11,173,22,1,67,9,106.4,20.33,13.37,38.95,16.64,98.86,111.11,120.0,0,0
Sikandar Raza,182,136,9,136,12,8,52,7,133.82,26.0,14.71,38.24,20.22,129.41,136.96,125.93,1,0
CR Brathwaite,181,110,14,111,10,16,44,14,164.55,12.93,23.64,40.0,12.93,,100.0,201.43,0,0
AC Voges,181,143,7,143,15,3,44,6,126.57,30.17,12.59,30.77,25.86,84.62,120.93,150.0,0,0
S Gopal,180,169,22,169,19,2,67,13,106.51,13.85,12.43,39.64,8.18,42.86,78.38,135.23,0,0
AB Agarkar,179,151,18,154,13,5,53,8,118.54,22.38,11.92,35.1,9.94,153.85,84.75,137.97,0,0
MW Short,177,146,9,146,21,5,67,9,121.23,19.67,17.81,45.89,19.67,128.18,102.86,0.0,0,0
C Munro,177,141,11,141,19,8,65,9,125.53,19.67,19.15,46.1,16.09,132.38,109.68,80.0,0,0
MF Maharoof,177,123,14,123,12,9,43,10,143.9,17.7,17.07,34.96,12.64,50.0,104.26,171.62,0,0
MD Choudhary,170,122,10,122,11,12,50,6,139.34,28.33,18.85,40.98,17.0,,127.91,145.57,1,0
DH Yagnik,170,133,17,137,23,2,55,9,127.82,18.89,18.8,41.35,10.0,0.0,120.0,139.39,0,0
CM Gautam,169,149,13,150,17,6,75,9,113.42,18.78,15.44,50.34,13.0,111.94,108.89,121.62,0,0
DW Steyn,167,160,33,160,14,3,69,22,104.38,7.59,10.62,43.12,5.06,,39.13,115.33,0,0
MG Johnson,167,163,28,164,10,7,76,14,102.45,11.93,10.43,46.63,5.96,,69.23,108.76,0,0
MN van Wyk,167,131,5,132,19,1,41,3,127.48,55.67,15.27,31.3,33.4,110.34,120.9,154.29,1,0
Suryansh Shedge,165,104,10,104,9,12,33,7,158.65,23.57,20.19,31.73,16.5,145.45,168.25,143.33,1,0
PA Reddy,164,160,10,160,15,2,65,10,102.5,16.4,10.62,40.62,16.4,96.49,109.09,300.0,0,0
JG Bethell,163,120,9,120,21,6,51,9,135.83,18.11,22.5,42.5,18.11,145.74,100.0,,1,0
N Jagadeesan,162,147,10,147,21,2,65,9,110.2,18.0,15.65,44.22,16.2,104.0,122.95,81.82,0,0
MN Samuels,161,172,14,172,9,7,84,12,93.6,13.42,9.3,48.84,11.5,37.84,104.07,158.33,0,0
RE van der Merwe,159,141,15,141,11,8,63,11,112.77,14.45,13.48,44.68,10.6,102.56,109.09,130.56,0,0
R McLaren,159,171,13,171,14,1,69,8,92.98,19.88,8.77,40.35,12.23,73.91,86.14,117.02,1,0
V Nigam,157,92,10,92,18,8,32,6,170.65,26.17,28.26,34.78,15.7,250.0,155.88,168.0,0,0
J Overton,151,98,8,98,14,7,33,5,154.08,30.2,21.43,33.67,18.88,,151.61,155.22,0,0
Azmatullah Omarzai,151,104,11,104,11,10,40,10,145.19,15.1,20.19,38.46,13.73,,131.34,170.27,0,0
AD Hales,148,117,6,118,13,6,47,6,126.5,24.67,16.24,40.17,24.67,135.23,100.0,,0,0
D Wiese,148,100,11,101,12,7,30,6,148.0,24.67,19.0,30.0,13.45,,125.81,157.97,0,0
SM Pollock,147,111,8,111,12,8,42,8,132.43,18.38,18.02,37.84,18.38,50.0,106.06,205.71,0,0
S Vidyut,145,109,8,109,21,3,49,8,133.03,18.12,22.02,44.95,18.12,131.71,137.04,,1,0
Sachin Baby,144,115,11,118,11,5,44,10,125.22,14.4,13.91,38.26,13.09,0.0,89.39,184.78,0,0
DL Chahar,142,103,20,103,8,9,41,10,137.86,14.2,16.5,39.81,7.1,0.0,172.5,119.67,0,0
Arshad Khan,142,100,12,100,6,11,40,7,142.0,20.29,17.0,40.0,11.83,,140.0,143.33,1,0
N Saini,140,140,10,141,16,0,65,11,100.0,12.73,11.43,46.43,14.0,94.68,112.5,100.0,1,0
Anmolpreet Singh,139,115,9,115,19,3,53,9,120.87,15.44,19.13,46.09,15.44,125.25,93.75,,0,0
S Anirudha,136,112,12,113,9,7,45,8,121.43,17.0,14.29,40.18,11.33,106.45,95.0,158.54,1,0
MJ Santner,136,125,21,126,9,6,53,8,108.8,17.0,12.0,42.4,6.48,83.33,91.43,127.27,0,0
GD Phillips,132,111,13,112,7,8,48,11,118.92,12.0,13.51,43.24,10.15,57.89,97.83,165.22,0,0
SB Styris,131,132,10,133,10,3,51,7,99.24,18.71,9.85,38.64,13.1,73.91,102.2,116.67,0,0
W Jaffer,130,121,8,121,14,3,56,7,107.44,18.57,14.05,46.28,16.25,86.46,188.0,,1,0
RD Chahar,129,124,22,124,13,5,67,16,104.03,8.06,14.52,54.03,5.86,,80.65,111.83,0,0
Kamran Akmal,128,77,6,78,13,8,33,4,166.23,32.0,27.27,42.86,21.33,124.39,237.5,166.67,1,0
UT Khawaja,127,99,6,100,14,3,37,5,128.28,25.4,17.17,37.37,21.17,137.5,89.47,,0,0
TK Curran,127,107,10,107,10,3,36,5,118.69,25.4,12.15,33.64,12.7,,109.52,131.82,1,0
P Dogra,127,138,12,138,4,5,60,12,92.03,10.58,6.52,43.48,10.58,,80.21,119.05,0,0
SS Prabhudessai,126,105,10,106,11,4,48,9,120.0,14.0,14.29,45.71,12.6,87.5,132.26,121.05,0,0
M Morkel,126,89,20,90,11,5,32,11,141.57,11.45,17.98,35.96,6.3,,71.43,154.67,0,0
BB Samantray,125,113,8,113,13,2,45,5,110.62,25.0,13.27,39.82,15.62,84.62,114.29,129.17,1,0
MC Juneja,125,128,7,128,11,1,48,7,97.66,17.86,9.38,37.5,17.86,96.3,102.17,55.56,0,0
MM Sharma,125,136,30,136,9,4,67,17,91.91,7.35,9.56,49.26,4.17,,85.0,97.37,0,0
B Lee,124,96,19,97,8,8,40,10,129.17,12.4,16.67,41.67,6.53,,90.91,140.54,0,0
Harpreet Singh,123,118,8,119,10,3,49,6,104.24,20.5,11.02,41.53,15.38,97.06,115.79,88.89,0,0
AB McDonald,123,100,9,100,9,4,35,5,123.0,24.6,13.0,35.0,13.67,157.89,78.95,125.81,0,0
S Arora,121,81,10,81,9,9,33,7,149.38,17.29,22.22,40.74,12.1,200.0,110.71,169.23,0,0
DL Vettori,121,112,16,113,11,2,40,7,108.04,17.29,11.61,35.71,7.56,,96.77,122.0,0,0
NK Patel,121,119,6,119,14,1,56,5,101.68,24.2,12.61,47.06,20.17,78.79,108.57,172.22,1,0
AC Blizzard,120,90,7,90,21,2,47,7,133.33,17.14,25.56,52.22,17.14,129.41,200.0,,1,0
TG Southee,120,106,19,107,8,4,45,11,113.21,10.91,11.32,42.45,6.32,,55.17,135.06,0,0
Misbah-ul-Haq,117,81,8,81,10,6,30,9,144.44,13.0,19.75,37.04,14.62,131.82,109.09,266.67,0,0
Mohammed Siraj,117,139,23,141,11,4,81,12,84.17,9.75,10.79,58.27,5.09,,60.87,88.79,0,0
RJ Harris,117,111,21,112,6,3,46,12,105.41,9.75,8.11,41.44,5.57,,81.58,117.81,0,0
Z Khan,117,140,27,141,11,2,74,15,83.57,7.8,9.29,52.86,4.33,0.0,40.0,104.12,0,0
KK Cooper,116,67,12,68,9,8,27,9,173.13,12.89,25.37,40.3,9.67,122.22,152.0,203.03,0,0
DJM Short,115,99,7,99,11,5,45,7,116.16,16.43,16.16,45.45,16.43,83.82,187.1,,0,0
Mohammed Shami,115,113,34,113,9,5,56,19,101.77,6.05,12.39,49.56,3.38,,94.44,103.16,0,0
Aman Hakim Khan,115,104,10,104,8,6,50,9,110.58,12.78,13.46,48.08,11.5,80.0,101.43,137.93,1,0
M Kartik,113,107,14,108,7,1,31,7,105.61,16.14,7.48,28.97,8.07,,110.26,102.94,0,0
MA Starc,111,122,22,122,11,0,53,11,90.98,10.09,9.02,43.44,5.05,,100.0,86.08,0,0
DJ Harris,111,101,4,101,11,5,50,3,109.9,37.0,15.84,49.5,27.75,89.04,164.29,,0,0
JDP Oram,106,107,11,108,6,5,47,8,99.07,13.25,10.28,43.93,9.64,,77.78,142.86,0,0
LJ Wright,106,59,5,60,16,3,19,4,179.66,26.5,32.2,32.2,21.2,100.0,125.0,240.0,0,0
DS Kulkarni,104,108,20,108,7,2,45,9,96.3,11.56,8.33,41.67,5.2,,41.18,106.59,0,0
RJ Quiney,103,102,7,102,12,3,54,7,100.98,14.71,14.71,52.94,14.71,89.47,134.62,,1,0
SD Chitnis,99,88,8,89,10,2,35,7,112.5,14.14,13.64,39.77,12.38,58.33,117.39,126.67,0,0
MS Gony,99,70,15,71,6,8,33,9,141.43,11.0,20.0,47.14,6.6,,90.91,164.58,0,0
MJ Clarke,98,94,6,94,12,0,41,5,104.26,19.6,12.77,43.62,16.33,107.89,88.89,,0,0
CJ Ferguson,98,117,8,117,9,0,56,6,83.76,16.33,7.69,47.86,12.25,68.75,85.51,106.25,0,0
PN Mankad,97,72,5,73,13,2,29,3,134.72,32.33,20.83,40.28,19.4,117.5,163.64,140.0,1,0
C Bosch,97,63,6,63,8,5,22,3,153.97,32.33,20.63,34.92,16.17,,40.0,163.79,0,0
TA Boult,93,86,25,86,5,4,37,9,108.14,10.33,10.47,43.02,3.72,,100.0,110.14,0,0
PHKD Mendis,92,72,5,72,7,2,25,4,127.78,23.0,12.5,34.72,18.4,55.56,164.86,100.0,0,0
DJ Jacobs,92,98,7,98,10,4,59,7,93.88,13.14,14.29,60.2,13.14,90.32,160.0,,0,0
JDS Neesham,92,93,10,93,6,2,40,8,98.92,11.5,8.6,43.01,9.2,,105.26,88.89,0,0
PR Shah,92,90,9,91,9,2,44,8,102.22,11.5,12.22,48.89,10.22,97.3,100.0,118.75,0,0
Himmat Singh,92,74,5,74,5,5,28,3,124.32,30.67,13.51,37.84,18.4,,84.38,154.76,0,0
AJ Tye,91,75,13,76,6,5,35,8,121.33,11.38,14.67,46.67,7.0,,142.31,110.2,0,0
S Rana,91,79,8,81,9,1,32,5,115.19,18.2,12.66,40.51,11.38,87.5,64.29,148.78,0,0
RT Ponting,91,128,9,128,5,2,68,8,71.09,11.38,5.47,53.12,10.11,67.05,80.0,,0,0
AD Nath,90,98,10,98,7,2,44,10,91.84,9.0,9.18,44.9,9.0,76.47,96.83,88.89,0,0
PR Veer,90,72,5,72,10,3,30,2,125.0,45.0,18.06,41.67,18.0,,153.57,106.82,0,0
MD Shanaka,89,74,8,74,5,5,32,6,120.27,14.83,13.51,43.24,11.12,0.0,118.75,128.0,0,0
SL Malinga,88,99,20,99,6,5,55,12,88.89,7.33,11.11,55.56,4.4,,80.0,89.89,0,0
Iqbal Abdulla,88,82,13,84,9,1,33,1,107.32,88.0,12.2,40.24,6.77,,90.62,118.0,0,0
Ankit Sharma,87,67,10,67,7,4,27,7,129.85,12.43,16.42,40.3,8.7,116.67,186.67,110.71,0,0
AP Majumdar,87,76,4,76,7,2,27,4,114.47,21.75,11.84,35.53,21.75,126.32,110.53,,0,0
MJ McClenaghan,85,69,19,70,5,7,36,11,123.19,7.73,17.39,52.17,4.47,0.0,136.36,119.57,0,0
RE Levi,83,73,6,73,10,4,40,6,113.7,13.83,19.18,54.79,13.83,115.62,100.0,,1,0
NM Coulter-Nile,82,72,16,72,7,4,36,10,113.89,8.2,15.28,50.0,5.12,,73.68,128.3,0,0
CJ Jordan,81,77,12,77,3,3,34,9,105.19,9.0,7.79,44.16,6.75,,60.0,121.05,0,0
Shahid Afridi,81,46,9,46,7,6,20,8,176.09,10.12,28.26,43.48,9.0,226.32,94.12,220.0,0,0
LA Carseldine,81,66,5,68,11,0,27,3,122.73,27.0,16.67,40.91,16.2,110.26,117.65,180.0,0,0
PWH de Silva,81,88,19,88,7,1,41,15,92.05,5.4,9.09,46.59,4.26,,80.85,104.88,0,0
WPUJC Vaas,81,72,11,73,2,3,24,7,112.5,11.57,6.94,33.33,7.36,,108.33,114.58,0,0
RV Patel,80,73,7,73,6,2,26,5,109.59,16.0,10.96,35.62,11.43,,86.11,132.43,0,0
AD Mascarenhas,79,78,11,78,5,1,28,10,101.28,7.9,7.69,35.9,7.18,200.0,91.49,110.34,0,0
AS Roy,78,66,14,66,6,2,25,9,118.18,8.67,12.12,37.88,5.57,80.0,75.0,143.9,0,0
CR Woakes,78,77,12,77,7,2,33,5,101.3,15.6,11.69,42.86,6.5,,86.67,110.64,0,0
JR Philippe,78,77,5,77,9,1,35,4,101.3,19.5,12.99,45.45,15.6,100.0,114.29,50.0,0,0
KA Jamieson,77,74,10,74,6,4,40,4,104.05,19.25,13.51,54.05,7.7,,76.19,140.62,0,0
B Akhil,76,55,11,55,5,5,24,7,138.18,10.86,18.18,43.64,6.91,,108.0,163.33,0,0
IR Jaggi,76,97,7,97,6,0,48,5,78.35,15.2,6.19,49.48,10.86,61.7,94.59,92.31,0,0
TR Birt,75,57,5,58,9,2,25,5,131.58,15.0,19.3,43.86,15.0,20.0,95.83,182.14,0,0
JJ Bumrah,75,86,29,87,6,1,39,8,87.21,9.38,8.14,45.35,2.59,,137.5,82.05,0,0
A Kamboj,74,55,10,55,5,4,19,3,134.55,24.67,16.36,34.55,7.4,,210.0,117.78,0,0
M Klinger,73,75,4,77,9,0,34,4,97.33,18.25,12.0,45.33,18.25,96.61,100.0,,0,0
RR Sarwan,73,75,4,75,6,1,31,3,97.33,24.33,9.33,41.33,18.25,106.38,82.14,,0,0
LH Ferguson,72,46,8,47,7,2,12,4,156.52,18.0,19.57,26.09,9.0,,60.0,168.29,0,0
SK Rasheed,71,67,5,67,9,2,38,5,105.97,14.2,16.42,56.72,14.2,107.81,66.67,,0,0
Vishnu Vinod,71,64,7,65,4,4,28,6,110.94,11.83,12.5,43.75,10.14,47.62,127.59,171.43,0,0
J Suchith,70,61,9,61,6,3,29,4,114.75,17.5,14.75,47.54,7.78,,68.57,176.92,0,0
AA Bilakhia,69,84,7,85,5,0,39,5,82.14,13.8,5.95,46.43,9.86,71.05,42.11,125.93,0,0
Vivrant Sharma,69,47,1,47,9,2,16,1,146.81,69.0,23.4,34.04,69.0,111.54,190.48,,1,0
Avesh Khan,68,46,16,46,7,4,22,3,147.83,22.67,23.91,47.83,4.25,,300.0,133.33,0,0
RR Powar,67,64,9,64,6,1,27,3,104.69,22.33,10.94,42.19,7.44,,27.27,120.75,0,0
R Sharma,66,75,19,75,5,3,46,11,88.0,6.0,10.67,61.33,3.47,,150.0,80.6,0,0
HR Shokeen,66,65,5,65,9,0,31,3,101.54,22.0,13.85,47.69,13.2,12.5,111.9,120.0,0,0
WD Parnell,65,80,13,80,4,1,37,10,81.25,6.5,6.25,46.25,5.0,78.57,76.47,83.67,0,0
Mohammad Hafeez,64,83,8,83,7,2,50,8,77.11,8.0,10.84,60.24,8.0,75.68,73.81,125.0,0,0
N Sindhu,63,51,5,51,7,2,23,5,123.53,12.6,17.65,45.1,12.6,120.83,125.93,,0,0
Anirudh Singh,63,66,4,66,6,1,31,4,95.45,15.75,10.61,46.97,15.75,90.0,97.3,100.0,0,0
A Flintoff,62,53,3,53,5,2,20,2,116.98,31.0,13.21,37.74,20.67,107.14,96.15,169.23,0,0
SP Jackson,61,57,8,57,5,1,20,6,107.02,10.17,10.53,35.09,7.62,111.11,114.29,95.0,0,0
Sandeep Sharma,60,75,26,76,4,0,31,5,80.0,12.0,5.33,41.33,2.31,,80.0,80.0,0,0
S Aravind,59,57,10,57,7,0,24,3,103.51,19.67,12.28,42.11,5.9,,81.25,112.2,0,0
Harshit Rana,59,57,10,57,5,3,33,7,103.51,8.43,14.04,57.89,5.9,,131.82,85.71,0,0
MG Bracewell,58,47,4,47,6,1,15,2,123.4,29.0,14.89,31.91,14.5,66.67,143.33,100.0,0,0
I Sharma,57,69,21,69,4,2,37,7,82.61,8.14,8.7,53.62,2.71,,81.25,83.02,0,0
WA Mota,56,75,8,75,2,0,29,5,74.67,11.2,2.67,38.67,7.0,,70.49,92.86,0,0
M Rawat,55,69,11,69,4,1,33,5,79.71,11.0,7.25,47.83,5.0,0.0,66.67,94.59,0,0
TU Deshpande,54,37,10,37,2,4,14,4,145.95,13.5,16.22,37.84,5.4,,0.0,150.0,0,0
PVD Chameera,53,45,11,45,3,3,19,3,117.78,17.67,13.33,42.22,4.82,,100.0,120.0,0,0
DJ Willey,53,62,5,62,7,0,34,3,85.48,17.67,11.29,54.84,10.6,64.29,74.19,123.53,0,0
Shivang Kumar,53,50,6,50,6,1,23,6,106.0,8.83,14.0,46.0,8.83,,66.67,128.12,0,0
A Chopra,53,71,6,71,7,0,41,5,74.65,10.6,9.86,57.75,8.83,67.44,85.71,,0,0
RP Singh,52,76,28,76,2,1,39,15,68.42,3.47,3.95,51.32,1.86,,20.0,75.76,0,0
Shoaib Malik,52,46,5,47,5,0,14,4,113.04,13.0,10.87,30.43,10.4,116.67,120.83,50.0,0,0
Shivam Mavi,51,56,11,56,4,2,30,9,91.07,5.67,10.71,53.57,4.64,,33.33,102.13,0,0
OF Smith,51,44,6,44,1,5,23,3,115.91,17.0,13.64,52.27,8.5,,41.67,143.75,0,0
R Rampaul,51,49,7,50,3,2,24,5,104.08,10.2,10.2,48.98,7.29,,104.76,103.57,0,0
Swapnil Singh,51,45,9,45,3,3,20,5,113.33,10.2,13.33,44.44,5.67,,96.15,136.84,0,0
KB Arun Karthik,51,51,8,51,4,1,22,5,100.0,10.2,9.8,43.14,6.38,,118.18,86.21,0,0
RV Gomez,50,51,9,51,5,1,25,7,98.04,7.14,11.76,49.02,5.56,0.0,40.0,125.71,0,0
VR Aaron,50,71,12,72,2,2,42,4,70.42,12.5,5.63,59.15,4.17,,20.0,74.24,0,0
SB Bangar,49,58,7,58,1,3,28,6,84.48,8.17,6.9,48.28,7.0,,48.78,170.59,0,0
A Nortje,49,50,14,50,6,0,24,6,98.0,8.17,12.0,48.0,3.5,,50.0,104.55,0,0
AG Paunikar,49,55,5,58,9,0,36,5,89.09,9.8,16.36,65.45,9.8,89.09,,,0,0
AS Yadav,49,39,6,39,5,2,17,7,125.64,7.0,17.95,43.59,8.17,,100.0,134.48,0,0
T Kohler-Cadmore,48,54,3,54,7,1,33,3,88.89,16.0,14.81,61.11,16.0,90.57,0.0,,0,0
M Markande,48,42,10,42,5,1,18,3,114.29,16.0,14.29,42.86,4.8,,42.86,128.57,0,0
Yashpal Singh,47,65,4,66,5,0,37,4,72.31,11.75,7.69,56.92,11.75,48.65,100.0,110.0,0,0
SU Parakh,46,33,4,33,5,2,14,4,139.39,11.5,21.21,42.42,11.5,171.43,115.79,,0,0
Ravi Bishnoi,45,69,18,69,2,2,44,11,65.22,4.09,5.8,63.77,2.5,,62.5,66.67,0,0
TL Seifert,45,41,6,41,6,1,22,6,109.76,7.5,17.07,53.66,7.5,116.22,,50.0,0,0
DR Sams,44,44,13,44,1,3,22,10,100.0,4.4,9.09,50.0,3.38,16.67,95.0,133.33,0,0
Rasikh Salam,43,43,7,43,5,0,20,5,100.0,8.6,11.63,46.51,6.14,,61.9,136.36,0,0
Sunny Singh,43,31,5,31,6,1,12,4,138.71,10.75,22.58,38.71,8.6,160.0,166.67,77.78,0,0
AB Barath,42,42,3,42,5,1,21,2,100.0,21.0,14.29,50.0,14.0,111.11,105.26,40.0,0,0
SK Trivedi,42,58,14,59,3,1,34,8,72.41,5.25,6.9,58.62,3.0,,40.0,75.47,0,0
A Nehra,41,60,17,62,3,1,36,8,68.33,5.12,6.67,60.0,2.41,,166.67,63.16,0,0
J Yadav,40,36,4,36,2,1,12,2,111.11,20.0,8.33,33.33,10.0,,125.0,104.17,0,0
BR Dunk,40,35,3,35,7,0,19,3,114.29,13.33,20.0,54.29,13.33,114.29,,,0,0
DJ Thornely,39,53,4,53,2,2,30,3,73.58,13.0,7.55,56.6,9.75,28.57,124.0,,0,0
MM Patel,39,41,12,41,5,0,18,5,95.12,7.8,12.2,43.9,3.25,,0.0,105.41,0,0
S Nadeem,39,87,20,87,2,0,57,16,44.83,2.44,2.3,65.52,1.95,,45.71,44.23,0,0
YS Chahal,37,86,16,86,0,0,54,6,43.02,6.17,0.0,62.79,2.31,,20.0,52.46,0,0
Joginder Sharma,36,30,5,30,1,2,10,4,120.0,9.0,10.0,33.33,7.2,,100.0,126.09,0,0
L Balaji,36,49,13,49,2,1,28,7,73.47,5.14,6.12,57.14,2.77,,44.44,80.0,0,0
KW Richardson,36,39,4,39,2,1,17,3,92.31,12.0,7.69,43.59,9.0,,104.35,75.0,0,0
Anureet Singh,36,47,8,47,2,1,22,4,76.6,9.0,6.38,46.81,4.5,,58.33,82.86,0,0
B Sumanth,35,37,4,37,3,0,14,1,94.59,35.0,8.11,37.84,8.75,,75.0,109.52,0,0
A Kumble,35,47,15,47,3,0,22,2,74.47,17.5,6.38,46.81,2.33,,75.0,74.36,0,0
M Ashwin,35,50,12,50,2,1,27,8,70.0,4.38,6.0,54.0,2.92,,38.89,87.5,0,0
RA Bawa,35,32,4,32,2,0,13,3,109.38,11.67,6.25,40.62,8.75,20.0,111.11,133.33,0,0
L Ronchi,34,34,5,34,6,1,23,3,100.0,11.33,20.59,67.65,6.8,100.0,,,0,0
S Sreesanth,34,55,12,55,6,0,41,3,61.82,11.33,10.91,74.55,2.83,,0.0,62.96,0,0
Navdeep Saini,33,37,7,37,3,0,16,4,89.19,8.25,8.11,43.24,4.71,0.0,50.0,112.5,0,0
Imran Tahir,33,37,8,37,5,0,21,4,89.19,8.25,13.51,56.76,4.12,,40.0,107.41,0,0
Arshdeep Singh,32,47,14,47,4,0,31,6,68.09,5.33,8.51,65.96,2.29,,66.67,68.29,0,0
RJ Peterson,32,30,5,30,3,1,13,3,106.67,10.67,13.33,43.33,6.4,,93.33,120.0,0,0
Basil Thampi,32,35,7,35,1,1,14,2,91.43,16.0,5.71,40.0,4.57,,50.0,100.0,0,0
G Coetzee,31,33,7,33,2,2,18,6,93.94,5.17,12.12,54.55,4.43,,83.33,100.0,0,0
S Sriram,31,36,2,36,3,0,16,2,86.11,15.5,8.33,44.44,15.5,116.67,70.83,,0,0
CV Varun,31,53,13,53,3,0,32,4,58.49,7.75,5.66,60.38,2.38,,11.11,68.18,0,0
NS Naik,31,50,4,50,2,0,28,4,62.0,7.75,4.0,56.0,7.75,43.75,72.22,68.75,0,0
Noor Ahmad,31,59,15,59,2,1,41,11,52.54,2.82,5.08,69.49,2.07,,19.05,71.05,0,0
AS Joseph,27,32,5,32,3,0,16,1,84.38,27.0,9.38,50.0,5.4,,110.0,72.73,0,0
AA Kulkarni,26,33,4,33,3,0,19,4,78.79,6.5,9.09,57.58,6.5,80.95,75.0,,0,0
AB Dinda,26,48,16,48,2,0,29,9,54.17,2.89,4.17,60.42,1.62,,72.73,48.65,0,0
AS Rajpoot,26,41,7,41,2,1,27,4,63.41,6.5,7.32,65.85,3.71,,16.67,71.43,0,0
PJ Sangwan,26,44,14,44,1,0,24,8,59.09,3.25,2.27,54.55,1.86,,44.44,62.86,0,0
AF Milne,25,31,7,31,0,1,14,5,80.65,5.0,3.23,45.16,3.57,,66.67,89.47,0,0
S Chanderpaul,25,31,3,31,4,0,18,3,80.65,8.33,12.9,58.06,8.33,80.65,,,0,0
Tanush Kotian,24,31,1,31,3,0,17,1,77.42,24.0,9.68,54.84,24.0,76.0,83.33,,0,0
P Dubey,23,33,2,33,2,0,17,1,69.7,23.0,6.06,51.52,11.5,,84.21,50.0,0,0
KL Nagarkoti,22,33,7,33,1,0,16,4,66.67,5.5,3.03,48.48,3.14,,46.67,83.33,0,0
B Indrajith,21,30,3,30,2,0,17,3,70.0,7.0,6.67,56.67,7.0,72.41,0.0,,0,0
S Kaul,20,36,9,36,1,0,23,3,55.56,6.67,2.78,63.89,2.22,,40.0,58.06,0,0
C Sakariya,20,30,7,31,3,0,20,5,66.67,4.0,10.0,66.67,2.86,,20.0,76.0,0,0
JR Hazlewood,19,30,8,30,1,0,15,1,63.33,19.0,3.33,50.0,2.38,,25.0,88.89,0,0
PV Tambe,18,38,6,39,1,0,23,1,47.37,18.0,2.63,60.53,3.0,,60.0,42.86,0,0
M Theekshana,17,34,6,34,0,1,22,3,50.0,5.67,2.94,64.71,2.83,,16.67,68.18,0,0
PP Ojha,16,44,19,45,0,0,29,10,36.36,1.6,0.0,65.91,0.84,,0.0,39.02,0,0
M Prasidh Krishna,15,31,8,31,1,0,19,2,48.39,7.5,3.23,61.29,1.88,,,48.39,0,0
