bowler,balls_bowled,runs_conceded,wickets,dot_balls,wides,no_balls,matches_bowled,fours_conceded,sixes_conceded,economy_rate,bowling_average,bowling_sr,dot_ball_pct,wickets_per_match,economy_powerplay,economy_middle,economy_death,three_wicket_haul,five_wicket_haul
YS Chahal,3961,5355,237,1370,98,9,179,308,264,8.11,22.59,16.71,34.59,1.32,7.52,8.02,9.91,25,1
B Kumar,4422,5780,228,1937,138,12,198,579,177,7.84,25.35,19.39,43.8,1.15,6.7,8.42,9.66,21,2
SP Narine,4521,5213,221,1794,61,4,194,331,196,6.92,23.59,20.46,39.68,1.14,6.71,6.69,7.96,18,3
DJ Bravo,3120,4436,207,1054,167,9,158,349,155,8.53,21.43,15.07,33.78,1.31,7.53,7.82,9.91,21,0
JJ Bumrah,3531,4374,206,1501,77,33,152,384,130,7.43,21.23,17.14,42.51,1.36,6.89,6.82,8.47,31,2
R Ashwin,4713,5721,205,1666,151,4,217,334,221,7.28,27.91,22.99,35.35,0.94,6.93,7.26,9.06,10,1
PP Chawla,3850,5179,201,1358,43,2,191,374,222,8.07,25.77,19.15,35.27,1.05,7.68,7.99,10.02,15,0
SL Malinga,2828,3486,188,1218,128,18,122,314,86,7.4,18.54,15.04,43.07,1.54,6.51,7.74,8.19,24,2
RA Jadeja,4177,5385,185,1381,61,5,232,320,229,7.74,29.11,22.58,33.06,0.8,7.32,7.66,9.2,18,1
A Mishra,3371,4193,183,1220,52,21,162,239,184,7.46,22.91,18.42,36.19,1.13,6.88,7.31,9.85,20,1
Rashid Khan,3387,4126,174,1273,29,0,144,261,175,7.31,23.71,19.47,37.58,1.21,7.15,7.14,8.59,18,1
Sandeep Sharma,3174,4316,169,1268,91,12,141,408,153,8.16,25.54,18.78,39.95,1.2,7.11,8.29,10.71,17,1
HV Patel,2495,3747,168,874,106,16,119,317,148,9.01,22.3,14.85,35.03,1.41,8.87,8.32,10.32,20,2
UT Yadav,3057,4442,163,1262,110,23,147,473,151,8.72,27.25,18.75,41.28,1.11,7.95,8.4,11.11,21,0
Harbhajan Singh,3416,4101,161,1312,76,4,160,296,145,7.2,25.47,21.22,38.41,1.01,6.81,7.27,8.75,15,1
Mohammed Shami,2823,4090,157,1208,79,7,127,423,154,8.69,26.05,17.98,42.79,1.24,7.78,8.78,11.05,15,0
TA Boult,2758,3916,152,1176,85,2,122,435,134,8.52,25.76,18.14,42.64,1.25,7.43,9.26,10.72,13,0
MM Sharma,2416,3537,149,847,48,7,119,342,131,8.78,23.74,16.21,35.06,1.25,8.03,8.17,10.38,19,2
AR Patel,3471,4342,144,1178,47,0,168,274,179,7.51,30.15,24.1,33.94,0.86,7.38,7.45,8.58,4,0
K Rabada,2111,3112,141,873,67,11,92,284,136,8.85,22.07,14.97,41.35,1.53,8.56,8.38,9.82,17,0
AD Russell,1811,2909,133,648,64,10,121,274,130,9.64,21.87,13.62,35.78,1.1,8.48,9.41,11.14,14,2
R Vinay Kumar,2127,3041,127,801,48,11,104,296,100,8.58,23.94,16.75,37.66,1.22,7.3,8.45,10.7,15,1
JD Unadkat,2355,3541,125,788,62,1,115,295,158,9.02,28.33,18.84,33.46,1.09,7.93,8.48,11.57,14,2
Mohammed Siraj,2505,3670,121,1121,115,8,116,363,157,8.79,30.33,20.7,44.75,1.04,8.21,8.37,10.33,11,0
SN Thakur,2190,3474,121,782,103,10,107,331,138,9.52,28.71,18.1,35.71,1.13,9.28,8.65,11.02,10,0
A Nehra,1908,2537,121,828,57,9,88,279,76,7.98,20.97,15.77,43.4,1.38,7.57,7.97,9.06,18,1
Z Khan,2200,2860,119,929,74,2,99,312,64,7.8,24.03,18.49,42.23,1.2,6.88,9.26,9.08,12,0
Arshdeep Singh,1931,2954,114,735,84,5,89,318,92,9.18,25.91,16.94,38.06,1.28,8.79,9.22,9.79,13,1
Kuldeep Yadav,2211,3043,113,690,38,2,103,155,164,8.26,26.93,19.57,31.21,1.1,7.67,8.29,8.54,13,0
CV Varun,2028,2619,109,776,28,6,89,180,119,7.75,24.03,18.61,38.26,1.22,7.88,7.43,9.41,10,1
SR Watson,2029,2742,107,850,95,13,105,293,74,8.11,25.63,18.96,41.89,1.02,7.19,7.6,10.35,12,0
CH Morris,1726,2377,107,708,70,5,81,222,79,8.26,22.21,16.13,41.02,1.32,7.81,8.26,8.83,12,1
KH Pandya,2571,3265,106,845,58,3,140,219,117,7.62,30.8,24.25,32.87,0.76,7.57,7.55,8.83,11,0
DW Steyn,2182,2583,105,1064,93,7,95,284,55,7.1,24.6,20.78,48.76,1.11,6.43,6.72,8.93,11,0
P Kumar,2524,3342,102,1147,112,1,119,338,104,7.94,32.76,24.75,45.44,0.86,6.88,9.33,10.44,6,0
RP Singh,1775,2417,100,790,86,13,82,254,70,8.17,24.17,17.75,44.51,1.22,7.38,8.74,9.55,12,1
I Sharma,2426,3465,100,1077,97,23,117,391,102,8.57,34.65,24.26,44.39,0.85,7.58,9.63,11.46,6,1
IK Pathan,2043,2711,99,885,69,1,101,293,82,7.96,27.38,20.64,43.32,0.98,7.21,8.14,9.56,8,0
Avesh Khan,1733,2672,99,638,51,4,80,266,109,9.25,26.99,17.51,36.81,1.24,9.35,8.22,10.07,12,0
PP Ojha,1899,2399,99,708,44,2,90,146,97,7.58,24.23,19.18,37.28,1.1,7.26,7.44,9.42,8,0
KK Ahmed,1672,2521,96,735,64,5,76,255,113,9.05,26.26,17.42,43.96,1.26,8.33,8.58,11.23,12,0
JA Morkel,1723,2409,96,683,71,13,87,264,56,8.39,25.09,17.95,39.64,1.1,8.62,7.15,9.64,10,0
M Prasidh Krishna,1678,2516,94,709,63,16,73,265,94,9.0,26.77,17.85,42.25,1.29,8.3,8.14,11.04,10,1
DL Chahar,1974,2708,92,866,72,5,98,311,81,8.23,29.43,21.46,43.87,0.94,8.0,8.47,10.08,7,1
DS Kulkarni,1787,2513,91,765,82,7,92,272,81,8.44,27.62,19.64,42.81,0.99,7.64,8.92,10.94,9,0
KV Sharma,1586,2263,89,540,25,0,87,125,132,8.56,25.43,17.82,34.05,1.02,7.0,8.79,10.88,9,1
Ravi Bishnoi,1796,2494,89,634,44,5,84,181,114,8.33,28.02,20.18,35.3,1.06,7.73,8.18,11.13,6,1
M Morkel,1629,2136,88,738,57,13,70,230,61,7.87,24.27,18.51,45.3,1.26,7.4,7.56,9.48,8,0
HH Pandya,1747,2732,87,630,62,5,113,243,123,9.38,31.4,20.08,36.06,0.77,9.5,8.58,12.49,9,1
Imran Tahir,1316,1729,86,451,23,1,59,97,83,7.88,20.1,15.3,34.27,1.46,8.04,7.7,8.61,13,0
L Balaji,1512,2083,85,582,58,4,73,188,69,8.27,24.51,17.79,38.49,1.16,7.05,7.68,10.52,8,1
PJ Cummins,1655,2463,83,640,50,1,73,228,101,8.93,29.67,19.94,38.67,1.14,8.74,7.9,10.79,8,0
R Bhatia,1636,2059,82,467,23,2,91,120,68,7.55,25.11,19.95,28.55,0.9,7.19,7.43,8.83,8,0
MM Patel,1355,1733,82,612,16,11,63,188,53,7.67,21.13,16.52,45.17,1.3,6.91,6.97,11.04,9,1
T Natarajan,1525,2317,82,493,63,1,71,206,90,9.12,28.26,18.6,32.33,1.15,8.34,8.53,10.36,9,0
AB Dinda,1516,2103,82,648,59,14,75,232,58,8.32,25.65,18.49,42.74,1.09,7.4,6.91,11.3,9,0
KA Pollard,1488,2200,81,422,90,8,107,169,78,8.87,27.16,18.37,28.36,0.76,7.65,8.49,11.43,3,0
MA Starc,1076,1588,78,460,45,3,50,174,45,8.86,20.36,13.79,42.75,1.56,8.96,7.65,9.28,12,1
JC Archer,1443,1934,77,677,34,6,61,177,83,8.04,25.12,18.74,46.92,1.26,6.78,7.52,10.23,8,0
JP Faulkner,1238,1849,76,440,44,5,60,160,67,8.96,24.33,16.29,35.54,1.27,7.93,8.76,10.33,9,2
RD Chahar,1695,2220,76,597,32,1,79,143,101,7.86,29.21,22.3,35.22,0.96,7.18,7.9,9.09,6,0
MJ McClenaghan,1274,1839,75,534,63,9,56,181,72,8.66,24.52,16.99,41.92,1.34,8.04,8.57,10.18,9,0
JH Kallis,1742,2348,74,640,48,9,89,236,58,8.09,31.73,23.54,36.74,0.83,7.53,7.8,10.02,4,0
Mustafizur Rahman,1365,1879,74,512,47,7,60,171,61,8.26,25.39,18.45,37.51,1.23,7.22,7.61,9.67,10,0
SK Trivedi,1506,1944,73,528,42,9,75,154,51,7.75,26.63,20.63,35.06,0.97,7.68,7.35,9.76,7,0
Shakib Al Hasan,1484,1864,71,523,31,0,70,120,78,7.54,26.25,20.9,35.24,1.01,7.08,7.44,10.22,3,0
M Muralitharan,1528,1765,67,643,51,2,66,105,67,6.93,26.34,22.81,42.08,1.02,6.23,6.86,8.75,5,0
MG Johnson,1235,1740,66,557,57,9,54,196,55,8.45,26.36,18.71,45.1,1.22,8.02,8.31,9.69,3,0
JR Hazlewood,992,1377,66,453,17,2,44,138,63,8.33,20.86,15.03,45.67,1.5,7.52,8.14,10.21,10,0
LH Ferguson,1059,1615,63,418,35,9,50,153,71,9.15,25.63,16.81,39.47,1.26,8.77,8.24,10.98,8,0
A Nortje,1126,1740,63,459,35,8,49,164,78,9.27,27.62,17.87,40.76,1.29,8.58,8.76,10.6,5,0
SM Curran,1255,2059,63,416,46,7,63,197,89,9.84,32.68,19.92,33.15,1.0,8.37,10.81,11.39,7,0
S Kaul,1209,1772,63,410,23,6,55,166,65,8.79,28.13,19.19,33.91,1.15,9.2,8.04,9.26,5,0
SK Warne,1194,1465,60,442,29,0,54,91,56,7.36,24.42,19.9,37.02,1.11,7.16,7.01,10.05,5,0
JO Holder,1044,1547,60,364,51,3,48,137,57,8.89,25.78,17.4,34.87,1.25,8.65,8.37,10.18,10,0
TU Deshpande,1065,1770,59,411,51,6,50,177,76,9.97,30.0,18.05,38.59,1.18,8.9,10.17,11.59,6,0
TG Southee,1206,1774,57,475,52,4,54,175,62,8.83,31.12,21.16,39.39,1.06,8.11,7.92,10.85,8,1
Noor Ahmad,987,1355,56,353,20,1,45,90,59,8.24,24.2,17.62,35.76,1.24,8.5,8.14,8.58,6,0
S Nadeem,1415,1800,54,469,25,4,70,114,73,7.63,33.33,26.2,33.14,0.77,7.63,7.39,12.0,2,0
M Pathirana,735,1047,53,293,51,1,32,72,39,8.55,19.75,13.87,39.86,1.66,,7.99,9.11,7,0
S Gopal,991,1358,53,326,8,1,51,77,74,8.22,25.62,18.7,32.9,1.04,7.33,8.56,7.58,5,0
NM Coulter-Nile,857,1125,52,387,26,9,38,123,34,7.88,21.63,16.48,45.16,1.37,7.24,7.34,9.56,8,0
Mukesh Kumar,817,1397,51,300,17,4,39,144,66,10.26,27.39,16.02,36.72,1.31,9.27,9.76,12.12,5,0
SB Jakati,1085,1474,50,355,14,2,57,97,60,8.15,29.48,21.7,32.72,0.88,7.26,8.09,12.68,3,0
A Kumble,965,1089,49,397,13,5,42,72,35,6.77,22.22,19.69,41.14,1.17,5.43,6.94,8.38,5,2
VG Arora,834,1321,49,333,25,9,39,142,53,9.5,26.96,17.02,39.93,1.26,8.81,12.15,10.25,3,0
S Aravind,760,1057,48,302,27,1,38,105,38,8.34,22.02,15.83,39.74,1.26,7.64,8.97,9.86,5,0
AJ Tye,685,1005,48,225,27,2,30,90,33,8.8,20.94,14.27,32.85,1.6,8.12,8.25,10.06,7,2
PWH de Silva,803,1134,47,281,5,0,37,65,70,8.47,24.13,17.09,34.99,1.27,7.87,8.58,8.32,3,1
RJ Harris,832,1085,47,390,32,1,37,119,27,7.82,23.09,17.7,46.88,1.27,6.84,8.08,9.41,7,0
YK Pathan,1147,1443,46,419,37,0,82,99,57,7.55,31.37,24.93,36.53,0.56,6.7,7.86,12.2,3,0
VR Aaron,994,1527,46,415,63,8,50,159,52,9.22,33.2,21.61,41.75,0.92,8.65,8.67,12.04,1,0
MC Henriques,950,1302,46,315,28,1,60,123,38,8.22,28.3,20.65,33.16,0.77,7.59,8.39,10.36,3,0
MM Ali,857,1036,46,305,11,1,57,43,57,7.25,22.52,18.63,35.59,0.81,5.5,7.6,6.6,4,0
MP Stoinis,909,1505,46,271,27,1,73,116,76,9.93,32.72,19.76,29.81,0.63,8.31,9.69,13.27,4,0
GJ Maxwell,1026,1422,45,341,21,0,85,79,80,8.32,31.6,22.8,33.24,0.53,8.21,8.36,8.54,0,0
Yash Dayal,883,1412,45,329,32,5,43,139,58,9.59,31.38,19.62,37.26,1.05,9.45,8.18,11.32,3,0
Iqbal Abdulla,920,1125,45,346,23,0,48,88,37,7.34,25.0,20.44,37.61,0.94,6.47,7.61,9.51,5,0
PJ Sangwan,856,1267,44,338,43,6,42,127,43,8.88,28.8,19.45,39.49,1.05,8.8,8.29,11.36,4,0
M Jansen,920,1442,43,374,29,7,42,130,67,9.4,33.53,21.4,40.65,1.02,9.07,9.44,10.57,3,0
P Awana,747,1046,43,307,23,4,33,107,35,8.4,24.33,17.37,41.1,1.3,8.17,7.13,11.22,4,0
DE Bollinger,576,716,43,270,22,2,27,73,19,7.46,16.65,13.4,46.88,1.59,7.48,6.29,7.66,6,0
S Sreesanth,880,1221,43,416,44,23,44,130,39,8.33,28.4,20.47,47.27,0.98,7.65,8.35,12.0,2,0
Harshit Rana,661,1047,42,272,16,2,32,99,56,9.5,24.93,15.74,41.15,1.31,9.43,9.28,9.99,4,0
Washington Sundar,1152,1498,42,392,8,2,66,99,69,7.8,35.67,27.43,34.03,0.64,8.08,7.34,11.48,4,0
R Sharma,928,1100,42,344,7,0,44,70,45,7.11,26.19,22.1,37.07,0.95,6.58,7.0,9.15,1,0
L Ngidi,520,747,40,205,16,2,22,65,34,8.62,18.68,13.0,39.42,1.82,7.99,8.53,9.4,7,0
DT Christian,883,1218,40,316,36,3,49,103,39,8.28,30.45,22.08,35.79,0.82,8.03,7.22,11.78,0,0
WD Parnell,723,968,40,312,29,6,33,102,24,8.03,24.2,18.08,43.15,1.21,7.9,7.78,8.51,5,0
MS Gony,888,1317,39,366,32,5,44,135,53,8.9,33.77,22.77,41.22,0.89,8.79,8.33,11.69,3,0
M Kartik,1149,1418,39,405,28,5,55,97,41,7.4,36.36,29.46,35.25,0.71,6.68,7.56,8.32,1,0
Yuvraj Singh,869,1091,39,269,12,1,73,59,41,7.53,27.97,22.28,30.96,0.53,6.6,7.54,8.69,5,0
DP Nannes,646,815,38,306,39,4,29,89,15,7.57,21.45,17.0,47.37,1.31,6.57,8.79,8.71,5,0
P Negi,716,954,38,249,17,0,42,57,47,7.99,25.11,18.84,34.78,0.9,7.25,8.02,10.19,3,0
MR Marsh,560,803,37,189,30,3,34,72,28,8.6,21.7,15.14,33.75,1.09,7.71,7.83,12.49,3,0
NLTC Perera,698,1031,37,238,14,3,36,113,28,8.86,27.86,18.86,34.1,1.03,7.28,8.41,11.49,5,0
M Markande,751,1157,37,224,16,1,40,78,66,9.24,31.27,20.3,29.83,0.92,8.27,9.46,9.2,3,0
KK Cooper,576,789,36,209,23,1,25,59,23,8.22,21.92,16.0,36.28,1.44,7.11,7.81,9.07,5,0
CJ Jordan,674,1111,36,225,38,5,34,96,46,9.89,30.86,18.72,33.38,1.06,9.48,7.88,12.22,5,0
Mohsin Khan,584,806,36,263,21,0,27,67,41,8.28,22.39,16.22,45.03,1.33,8.0,6.9,10.08,4,1
R Tewatia,843,1117,36,270,21,2,52,54,61,7.95,31.03,23.42,32.03,0.69,6.53,8.24,6.46,4,0
M Theekshana,895,1226,36,292,7,0,38,93,45,8.22,34.06,24.86,32.63,0.95,8.56,7.9,8.54,2,0
Harpreet Brar,837,1122,35,288,13,0,47,76,49,8.04,32.06,23.91,34.41,0.74,8.38,7.6,11.39,4,0
M Ashwin,870,1182,35,298,25,3,44,82,50,8.15,33.77,24.86,34.25,0.8,7.65,8.33,7.92,2,0
DL Vettori,777,894,34,283,8,0,34,67,24,6.9,26.29,22.85,36.42,1.0,5.92,6.79,9.1,3,1
MF Maharoof,420,532,33,177,16,5,20,46,16,7.6,16.12,12.73,42.14,1.65,7.55,6.35,9.79,5,0
AB Agarkar,782,1174,33,273,36,2,42,113,41,9.01,35.58,23.7,34.91,0.79,8.88,8.64,10.1,3,0
Shivam Mavi,649,958,33,267,32,6,32,92,38,8.86,29.03,19.67,41.14,1.03,8.13,7.73,11.41,1,0
R Sai Kishore,448,655,32,141,5,0,25,35,40,8.77,20.47,14.0,31.47,1.28,7.83,8.39,11.07,2,0
A Zampa,469,656,32,145,6,0,22,36,35,8.39,20.5,14.66,30.92,1.45,7.14,7.64,13.52,3,1
BA Stokes,689,1023,31,250,30,4,38,99,33,8.91,33.0,22.23,36.28,0.82,8.64,8.24,10.56,3,0
Harmeet Singh,549,747,31,213,21,4,28,69,22,8.16,24.1,17.71,38.8,1.11,8.74,7.82,8.67,3,0
CR Woakes,440,674,31,173,22,1,21,68,28,9.19,21.74,14.19,39.32,1.48,8.52,7.41,11.21,3,0
Umran Malik,494,785,31,218,22,3,26,93,29,9.53,25.32,15.94,44.13,1.19,12.92,8.66,10.75,4,2
A Singh,473,639,31,200,12,1,23,67,17,8.11,20.61,15.26,42.28,1.35,7.0,7.5,10.31,3,0
MJ Santner,700,870,31,261,3,1,35,74,28,7.46,28.06,22.58,37.29,0.89,8.27,7.02,8.8,1,0
Azhar Mahmood,537,707,31,206,10,5,23,73,18,7.9,22.81,17.32,38.36,1.35,6.76,7.09,9.96,5,0
B Lee,875,1126,30,400,28,13,38,123,25,7.72,37.53,29.17,45.71,0.79,7.12,7.19,9.06,1,0
SK Raina,908,1139,30,299,22,0,69,71,44,7.53,37.97,30.27,32.93,0.43,6.76,7.46,8.97,0,0
E Malinga,343,501,29,138,0,0,15,47,21,8.76,17.28,11.83,40.23,1.93,10.12,7.79,9.0,5,0
Yash Thakur,447,782,28,153,25,3,21,64,43,10.5,27.93,15.96,34.23,1.33,9.79,10.46,11.04,4,1
Vijaykumar Vyshak,471,797,28,149,11,1,22,62,43,10.15,28.46,16.82,31.63,1.27,11.33,9.12,12.0,3,0
AD Mathews,791,1095,28,237,15,1,44,98,29,8.31,39.11,28.25,29.96,0.64,8.43,8.09,8.88,2,0
STR Binny,594,763,28,204,16,1,63,76,14,7.71,27.25,21.21,34.34,0.44,7.41,7.59,10.14,1,0
PV Tambe,660,866,28,215,14,0,33,64,28,7.87,30.93,23.57,32.58,0.85,7.82,7.55,12.5,2,0
J Botha,694,818,27,268,15,0,34,60,24,7.07,30.3,25.7,38.62,0.79,7.57,6.54,8.57,2,0
DR Smith,539,825,27,179,14,4,46,75,33,9.18,30.56,19.96,33.21,0.59,10.22,8.51,12.88,2,0
R Dhawan,662,922,27,218,28,3,36,71,27,8.36,34.15,24.52,32.93,0.75,8.14,7.94,11.11,0,0
Naveen-ul-Haq,388,602,26,141,15,4,17,54,24,9.31,23.15,14.92,36.34,1.53,9.67,7.56,10.32,4,0
Navdeep Saini,671,1006,26,291,21,9,32,108,39,9.0,38.69,25.81,43.37,0.81,8.6,9.23,9.51,1,0
Akash Madhwal,359,598,26,119,10,7,17,55,25,9.99,23.0,13.81,33.15,1.53,7.79,10.97,10.29,5,1
Basil Thampi,521,862,26,163,17,1,25,75,41,9.93,33.15,20.04,31.29,1.04,9.24,9.03,11.81,2,0
SW Tait,473,668,26,222,52,9,21,71,12,8.47,25.69,18.19,46.93,1.24,8.12,9.03,8.67,4,0
Suyash Sharma,723,1043,26,255,5,1,34,87,46,8.66,40.12,27.81,35.27,0.76,8.0,8.77,8.05,4,0
Kartik Tyagi,592,985,25,223,28,8,27,97,44,9.98,39.4,23.68,37.67,0.93,10.97,9.14,10.2,1,0
RE van der Merwe,443,515,25,159,12,0,21,25,17,6.98,20.6,17.72,35.89,1.19,8.89,6.31,8.95,2,0
GB Hogg,458,585,25,170,7,1,21,40,21,7.66,23.4,18.32,37.12,1.19,6.54,7.76,8.4,2,0
Sohail Tanvir,247,275,24,130,17,1,11,27,7,6.68,11.46,10.29,52.63,2.18,6.61,6.0,6.88,6,1
A Kamboj,364,527,24,160,6,2,19,58,22,8.69,21.96,15.17,43.96,1.26,8.94,8.95,7.7,3,0
AS Rajpoot,530,844,24,214,28,9,29,89,31,9.55,35.17,22.08,40.38,0.83,9.19,8.61,12.27,2,1
BW Hilfenhaus,372,497,23,184,15,3,17,48,21,8.02,21.61,16.17,49.46,1.35,6.5,9.75,11.36,1,0
JP Duminy,678,847,23,242,23,0,49,53,33,7.5,36.83,29.48,35.69,0.47,7.32,7.27,11.17,1,0
A Symonds,527,694,23,206,12,1,30,44,33,7.9,30.17,22.91,39.09,0.77,6.19,8.09,11.77,1,0
Shahbaz Ahmed,599,969,22,165,10,2,46,65,53,9.71,44.05,27.23,27.55,0.48,9.9,9.72,8.28,2,0
WPUJC Vaas,282,364,22,134,4,2,13,40,13,7.74,16.55,12.82,47.52,1.69,6.39,9.5,12.0,3,0
AS Joseph,434,707,22,172,19,1,22,53,43,9.77,32.14,19.73,39.63,1.0,9.83,9.18,10.96,1,1
VY Mahesh,339,511,22,127,13,7,17,47,20,9.04,23.23,15.41,37.46,1.29,11.0,7.9,9.29,2,1
JP Behrendorff,366,563,22,146,13,0,17,55,26,9.23,25.59,16.64,39.89,1.29,8.43,9.46,12.88,3,0
K Gowtham,588,825,22,216,11,0,35,68,37,8.42,37.5,26.73,36.73,0.63,8.49,8.09,14.5,0,0
C Green,494,773,22,185,22,1,33,64,39,9.39,35.14,22.45,37.45,0.67,9.57,8.66,12.87,0,0
Bipul Sharma,426,581,22,139,10,0,28,28,31,8.18,26.41,19.36,32.63,0.79,7.08,8.02,19.5,0,0
KW Richardson,335,479,21,136,10,0,15,40,23,8.58,22.81,15.95,40.6,1.4,6.9,9.33,11.26,1,0
RP Meredith,388,621,21,156,25,2,18,63,26,9.6,29.57,18.48,40.21,1.17,8.42,8.97,12.0,1,0
Prince Yadav,337,476,21,139,0,0,14,49,17,8.47,22.67,16.05,41.25,1.5,7.59,7.48,10.82,3,0
Mujeeb Ur Rahman,447,626,21,157,18,0,20,42,26,8.4,29.81,21.29,35.12,1.05,7.97,7.99,11.88,1,0
Anureet Singh,412,636,21,152,11,7,22,65,22,9.26,30.29,19.62,36.89,0.95,7.66,9.9,11.04,2,0
BB Sran,483,767,20,175,30,3,24,73,29,9.53,38.35,24.15,36.23,0.83,9.25,9.86,9.65,1,0
C Sakariya,445,649,20,155,29,5,20,53,23,8.75,32.45,22.25,34.83,1.0,6.84,9.33,11.65,2,0
J Suchith,420,604,20,142,14,0,21,47,26,8.63,30.2,21.0,33.81,0.95,8.05,8.7,13.5,0,0
Mukesh Choudhary,354,576,20,152,18,1,18,67,24,9.76,28.8,17.7,42.94,1.11,9.02,10.38,13.18,3,0
NT Ellis,379,553,20,125,8,3,17,46,21,8.75,27.65,18.95,32.98,1.18,6.74,8.48,11.42,2,0
IC Pandey,462,609,19,223,5,2,24,77,17,7.91,32.05,24.32,48.27,0.79,7.75,7.43,12.5,0,0
CH Gayle,554,755,19,196,27,3,38,49,27,8.18,39.74,29.16,35.38,0.5,8.45,7.6,9.49,1,0
A Ashish Reddy,262,400,19,83,6,2,20,26,20,9.16,21.05,13.79,31.68,0.95,15.0,8.28,10.39,1,0
AD Mascarenhas,308,365,19,130,2,0,13,34,8,7.11,19.21,16.21,42.21,1.46,7.22,6.47,10.29,2,1
CRD Fernando,234,306,19,107,11,4,10,30,9,7.85,16.11,12.32,45.73,1.9,7.14,6.62,10.0,2,1
BJ Hodge,234,310,18,79,4,0,20,17,14,7.95,17.22,13.0,33.76,0.9,9.11,7.48,11.0,2,1
R Rampaul,268,319,17,137,8,2,12,25,14,7.14,18.76,15.76,51.12,1.42,6.28,6.38,11.22,1,0
Ashwani Kumar,183,295,17,71,0,0,9,27,16,9.67,17.35,10.76,38.8,1.89,10.86,7.45,12.94,2,0
LR Shukla,314,458,17,117,10,2,27,39,16,8.75,26.94,18.47,37.26,0.63,9.63,8.3,9.69,2,0
DS Rathi,469,661,17,147,0,0,19,52,25,8.46,38.88,27.59,31.34,0.89,8.03,8.06,10.52,0,0
D Wiese,296,447,17,86,10,1,15,47,11,9.06,26.29,17.41,29.05,1.13,8.12,9.48,9.6,2,0
Rasikh Salam,331,549,17,107,10,2,18,48,28,9.95,32.29,19.47,32.33,0.94,8.95,10.64,10.12,3,0
ST Jayasuriya,294,396,16,86,7,0,21,22,16,8.08,24.75,18.38,29.25,0.76,11.5,7.45,10.71,3,0
CR Brathwaite,254,384,16,78,9,3,16,37,12,9.07,24.0,15.88,30.71,1.0,6.0,9.34,10.5,2,0
AC Thomas,315,416,16,133,10,2,15,41,11,7.92,26.0,19.69,42.22,1.07,6.53,8.83,10.12,1,0
RG Sharma,339,462,16,94,10,0,32,29,14,8.18,28.88,21.19,27.73,0.5,7.62,8.07,10.4,2,0
VRV Singh,360,549,16,121,7,4,18,58,16,9.15,34.31,22.5,33.61,0.89,9.67,8.82,9.24,2,0
N Burger,289,468,16,138,3,0,14,44,24,9.72,29.25,18.06,47.75,1.14,10.04,9.84,8.3,0,0
G Coetzee,277,490,15,106,14,1,14,41,26,10.61,32.67,18.47,38.27,1.07,10.91,10.76,10.11,2,0
DR Sams,360,528,15,144,27,2,16,41,25,8.8,35.2,24.0,40.0,0.94,7.15,10.42,11.75,2,0
YA Abdulla,209,311,15,92,12,1,11,32,13,8.93,20.73,13.93,44.02,1.36,6.82,10.67,11.21,3,0
SJ Srivastava,282,444,15,106,23,1,14,50,13,9.45,29.6,18.8,37.59,1.07,9.59,8.5,11.43,0,0
Mohammad Nabi,417,527,15,153,2,0,23,33,26,7.58,35.13,27.8,36.69,0.65,6.45,8.5,10.0,1,0
R Shepherd,292,591,15,89,7,0,22,42,43,12.14,39.4,19.47,30.48,0.68,7.8,11.87,14.7,2,0
RR Powar,426,538,15,174,16,1,26,41,18,7.58,35.87,28.4,40.85,0.58,7.27,7.72,10.0,0,0
AN Ahmed,344,515,15,131,13,5,17,43,20,8.98,34.33,22.93,38.08,0.88,8.08,8.13,12.0,1,0
KA Jamieson,280,460,15,114,8,3,14,44,26,9.86,30.67,18.67,40.71,1.07,9.34,8.73,13.47,2,0
PVD Chameera,405,658,15,165,13,2,20,67,31,9.75,43.87,27.0,40.74,0.75,9.56,8.05,11.58,1,0
Umar Gul,135,198,14,59,12,6,6,17,5,8.8,14.14,9.64,43.7,2.33,6.43,8.78,11.38,2,0
Kamran Khan,166,248,14,71,10,1,9,25,10,8.96,17.71,11.86,42.77,1.56,9.33,7.0,10.41,2,0
GD McGrath,324,366,14,162,4,1,14,41,10,6.78,26.14,23.14,50.0,1.0,5.97,7.0,9.45,1,0
S Lamichhane,210,297,14,77,1,0,9,21,17,8.49,21.21,15.0,36.67,1.56,8.29,8.1,19.0,2,0
AB McDonald,186,263,14,52,2,0,10,20,11,8.48,18.79,13.29,27.96,1.4,8.8,7.75,10.2,2,0
Arshad Khan,296,546,14,119,19,0,19,60,27,11.07,39.0,21.14,40.2,0.74,10.08,11.17,13.91,1,0
V Nigam,289,444,14,97,0,0,17,30,25,9.22,31.71,20.64,33.56,0.82,8.74,10.07,5.69,0,0
Karanveer Singh,204,323,14,66,9,0,9,19,19,9.5,23.07,14.57,32.35,1.56,8.67,9.32,12.67,2,0
R McLaren,354,558,14,128,15,3,18,69,11,9.46,39.86,25.29,36.16,0.78,8.61,9.58,11.25,1,0
JR Hopes,360,562,14,119,9,0,20,44,28,9.37,40.14,25.71,33.06,0.7,6.29,9.18,11.43,0,0
KR Sen,241,396,14,89,12,2,12,41,16,9.86,28.29,17.21,36.93,1.17,9.1,8.68,13.96,2,0
DJG Sammy,236,354,14,75,6,2,19,33,12,9.0,25.29,16.86,31.78,0.74,8.78,8.62,11.77,2,1
CJ Anderson,297,525,14,86,18,0,22,52,23,10.61,37.5,21.21,28.96,0.64,9.82,9.23,14.91,1,0
BA Bhatt,296,408,13,98,6,1,15,35,13,8.27,31.38,22.77,33.11,0.87,7.06,8.94,9.07,1,0
TK Curran,238,432,13,59,11,3,13,33,23,10.89,33.23,18.31,24.79,1.0,9.57,8.97,13.61,1,0
CK Langeveldt,156,199,13,75,8,1,7,17,8,7.65,15.31,12.0,48.08,1.86,7.07,8.8,8.0,1,0
SM Pollock,276,307,13,132,4,0,13,30,9,6.67,23.62,21.23,47.83,1.0,6.51,7.33,,1,0
Harsh Dubey,168,242,13,57,0,0,9,16,13,8.64,18.62,12.92,33.93,1.44,9.48,8.87,6.0,2,0
AS Roy,264,360,13,98,6,0,16,24,18,8.18,27.69,20.31,37.12,0.81,8.67,7.63,9.0,0,0
JDP Oram,237,362,13,86,6,1,14,34,14,9.16,27.85,18.23,36.29,0.93,9.37,9.12,8.88,1,0
J Theron,221,311,13,75,12,2,10,28,9,8.44,23.92,17.0,33.94,1.3,9.21,7.1,8.73,1,0
J Little,228,341,13,84,8,0,11,30,16,8.97,26.23,17.54,36.84,1.18,9.2,7.87,10.62,2,0
Joginder Sharma,256,421,13,73,9,7,15,38,17,9.87,32.38,19.69,28.52,0.87,11.25,8.96,11.61,0,0
RS Bopara,206,301,13,66,7,0,14,25,10,8.77,23.15,15.85,32.04,0.93,8.0,8.51,10.17,1,0
Nithish Kumar Reddy,264,454,13,83,7,2,20,33,26,10.32,34.92,20.31,31.44,0.65,10.16,9.98,13.3,1,0
LS Livingstone,312,471,13,82,9,0,27,38,19,9.06,36.23,24.0,26.28,0.48,6.8,9.45,7.0,1,0
AG Murtaza,264,322,12,106,5,0,12,22,14,7.32,26.83,22.0,40.15,1.0,5.13,7.93,15.5,3,0
Ankit Sharma,367,453,12,139,8,0,21,28,18,7.41,37.75,30.58,37.87,0.57,5.86,8.31,19.71,0,0
V Shankar,238,344,12,80,15,5,22,29,12,8.67,28.67,19.83,33.61,0.55,9.0,8.81,7.64,0,0
V Pratap Singh,204,300,12,75,7,0,9,31,10,8.82,25.0,17.0,36.76,1.33,8.47,9.27,9.0,1,0
Simarjeet Singh,243,411,12,109,12,1,14,36,25,10.15,34.25,20.25,44.86,0.86,9.88,9.77,13.0,1,0
SC Ganguly,276,370,12,82,3,1,20,25,14,8.04,30.83,23.0,29.71,0.6,8.17,7.59,25.0,2,0
BCJ Cutting,281,430,12,78,7,0,17,44,15,9.18,35.83,23.42,27.76,0.71,9.22,7.95,12.72,0,0
Azmatullah Omarzai,295,476,12,110,5,0,15,51,18,9.68,39.67,24.58,37.29,0.8,9.56,8.49,12.0,0,0
K Kartikeya,283,412,12,91,7,0,16,25,23,8.73,34.33,23.58,32.16,0.75,8.83,8.36,13.33,0,0
A Chandila,234,245,11,105,0,0,12,17,10,6.28,22.27,21.27,44.87,0.92,5.79,7.89,6.0,1,0
TS Mills,209,349,11,75,9,0,10,37,14,10.02,31.73,19.0,35.89,1.1,8.83,10.57,10.75,1,0
BE Hendricks,150,239,11,55,6,1,7,24,7,9.56,21.73,13.64,36.67,1.57,10.73,7.71,9.57,2,0
S Badree,258,329,11,114,5,0,12,28,14,7.65,29.91,23.45,44.19,0.92,7.68,7.6,,1,0
JL Pattinson,213,321,11,78,9,0,10,34,10,9.04,29.18,19.36,36.62,1.1,8.76,8.86,10.67,0,0
JD Ryder,236,314,11,84,5,0,16,21,13,7.98,28.55,21.45,35.59,0.69,6.0,7.87,12.0,1,0
Pankaj Singh,300,472,11,115,10,1,17,52,17,9.44,42.91,27.27,38.33,0.65,7.9,10.23,14.57,0,0
Lalit Yadav,288,430,11,86,5,1,19,26,24,8.96,39.09,26.18,29.86,0.58,9.28,8.61,11.0,0,0
R Parag,328,516,11,80,6,0,34,32,25,9.44,46.91,29.82,24.39,0.32,8.0,9.57,12.4,0,0
KP Appanna,216,291,11,70,6,0,13,20,11,8.08,26.45,19.64,32.41,0.85,9.33,7.97,,1,0
Akash Deep,291,554,11,105,7,4,14,48,33,11.42,50.36,26.45,36.08,0.79,10.35,11.49,14.79,1,0
OC McCoy,162,255,11,51,17,1,8,20,9,9.44,23.18,14.73,31.48,1.38,6.0,11.01,8.95,1,0
Abhishek Sharma,354,544,11,101,7,1,35,38,27,9.22,49.45,32.18,28.53,0.31,9.65,9.01,9.82,0,0
MA Wood,120,192,11,54,6,1,5,13,12,9.6,17.45,10.91,45.0,2.2,8.2,7.38,13.14,2,1
N Rana,218,326,11,68,5,0,27,31,13,8.97,29.64,19.82,31.19,0.41,9.55,9.1,7.04,0,0
MP Yadav,151,244,10,72,2,1,7,22,15,9.7,24.4,15.1,47.68,1.43,11.18,8.51,11.43,2,0
T Thushara,135,164,10,60,7,2,6,15,4,7.29,16.4,13.5,44.44,1.67,5.73,5.2,11.54,1,0
B Laughlin,168,284,10,44,10,1,9,26,10,10.14,28.4,16.8,26.19,1.11,10.17,7.64,13.22,0,0
KMA Paul,163,239,10,54,12,5,8,18,8,8.8,23.9,16.3,33.13,1.25,16.5,7.21,11.19,2,0
J Syed Mohammad,192,286,10,50,4,0,11,18,12,8.94,28.6,19.2,26.04,0.91,5.25,9.59,6.0,0,0
MN Samuels,214,285,10,80,5,0,11,23,12,7.99,28.5,21.4,37.38,0.91,6.23,7.8,11.35,1,0
Anand Rajan,149,206,10,62,12,1,8,17,8,8.3,20.6,14.9,41.61,1.25,6.44,7.18,14.28,1,0
DJ Hooda,380,550,10,107,11,0,34,40,23,8.68,55.0,38.0,28.16,0.29,7.24,9.08,12.0,0,0
DJ Hussey,317,485,10,92,6,0,26,30,25,9.18,48.5,31.7,29.02,0.38,10.25,7.9,16.29,0,0
P Parameswaran,154,226,9,66,4,1,8,23,10,8.81,25.11,17.11,42.86,1.12,9.75,7.4,10.55,1,0
Akash Singh,205,326,9,73,3,0,10,39,13,9.54,36.22,22.78,35.61,0.9,9.18,10.62,10.0,0,0
J Overton,161,272,9,58,0,0,10,18,17,10.14,30.22,17.89,36.02,0.9,13.03,9.07,9.78,2,0
J Yadav,390,447,9,155,6,2,20,31,15,6.88,49.67,43.33,39.74,0.45,7.48,6.32,,0,0
JEC Franklin,151,225,9,41,2,2,15,21,6,8.94,25.0,16.78,27.15,0.6,10.0,8.31,19.0,0,0
KP Pietersen,174,218,9,57,6,0,13,10,9,7.52,24.22,19.33,32.76,0.69,6.0,7.74,9.67,0,0
SE Bond,186,225,9,76,5,0,8,27,3,7.26,25.0,20.67,40.86,1.12,6.33,6.14,9.67,0,0
SB Styris,216,278,9,85,6,0,11,19,14,7.72,30.89,24.0,39.35,0.82,6.09,7.78,10.14,1,0
Shahid Afridi,180,237,9,65,4,1,10,19,7,7.9,26.33,20.0,36.11,0.9,7.0,8.35,7.0,1,0
SMSM Senanayake,192,211,9,75,3,0,8,17,5,6.59,23.44,21.33,39.06,1.12,5.29,9.44,7.5,0,0
IS Sodhi,181,204,9,66,1,0,8,9,8,6.76,22.67,20.11,36.46,1.12,6.38,6.68,36.0,1,0
BAW Mendis,244,306,9,79,3,1,10,17,12,7.52,34.0,27.11,32.38,0.9,6.79,7.55,9.0,0,0
AM Nayar,229,323,9,70,10,0,19,22,13,8.46,35.89,25.44,30.57,0.47,7.25,8.59,9.0,1,0
AF Milne,207,339,9,77,9,1,10,35,13,9.83,37.67,23.0,37.2,0.9,9.89,9.62,9.88,2,0
Mohammad Asif,192,307,9,71,6,1,8,37,8,9.59,34.11,21.33,36.98,1.12,9.8,7.67,11.38,0,0
N Thushara,182,289,9,63,14,2,8,28,10,9.53,32.11,20.22,34.62,1.12,9.22,8.8,10.47,2,0
S Sandeep Warrier,168,257,8,75,6,2,10,25,14,9.18,32.12,21.0,44.64,0.8,9.46,7.5,,1,0
S Randiv,174,223,8,60,6,0,8,20,5,7.69,27.88,21.75,34.48,1.0,7.2,7.5,11.0,0,0
A Mithun,288,477,8,95,15,9,16,42,21,9.94,59.62,36.0,32.99,0.5,9.06,9.32,11.92,0,0
AA Chavan,248,339,8,110,7,0,13,28,16,8.2,42.38,31.0,44.35,0.62,7.39,9.17,16.5,0,0
AM Ghazanfar,104,146,8,38,0,0,5,10,8,8.42,18.25,13.0,36.54,1.6,8.9,8.87,1.0,0,0
WG Jacks,144,221,8,49,1,0,13,17,11,9.21,27.62,18.0,34.03,0.62,10.53,8.39,10.29,0,0
GC Viljoen,138,229,8,47,8,0,6,25,6,9.96,28.62,17.25,34.06,1.33,9.17,8.0,15.6,1,0
Zeeshan Ansari,209,334,8,54,0,0,10,24,17,9.59,41.75,26.12,25.84,0.8,,9.26,12.0,1,0
KC Cariappa,216,349,8,62,6,2,11,23,19,9.69,43.62,27.0,28.7,0.73,11.0,8.96,11.0,0,0
I Udana,174,286,8,49,8,0,10,26,11,9.86,35.75,21.75,28.16,0.8,11.0,8.8,9.78,0,0
Yudhvir Singh,143,257,8,61,2,0,9,28,13,10.78,32.12,17.88,42.66,0.89,10.33,10.67,14.5,1,0
JDS Neesham,216,342,8,68,6,0,13,32,14,9.5,42.75,27.0,31.48,0.62,9.64,9.08,18.0,1,0
M Ntini,210,257,8,108,1,2,9,29,8,7.34,32.12,26.25,51.43,0.89,7.0,6.75,9.6,1,0
TL Suman,150,198,7,44,0,2,11,8,10,7.92,28.29,21.43,29.33,0.64,7.0,7.17,12.0,0,0
C de Grandhomme,216,323,7,62,12,2,19,22,13,8.97,46.14,30.86,28.7,0.37,6.0,9.33,9.75,1,0
Y Venugopal Rao,216,338,7,60,6,0,20,30,13,9.39,48.29,30.86,27.78,0.35,9.57,8.81,14.0,0,0
AM Salvi,150,205,7,61,6,0,7,18,7,8.2,29.29,21.43,40.67,1.0,8.08,7.71,9.2,0,0
HF Gurney,162,239,7,51,6,1,8,23,7,8.85,34.14,23.14,31.48,0.88,6.0,8.12,13.5,0,0
DJ Willey,216,277,7,84,5,0,11,28,8,7.69,39.57,30.86,38.89,0.64,6.71,9.12,10.75,0,0
B Akhil,188,246,7,64,4,1,13,18,9,7.85,35.14,26.86,34.04,0.54,7.5,7.21,12.9,0,0
Sakib Hussain,106,147,7,43,0,0,4,12,6,8.32,21.0,15.14,40.57,1.75,7.71,9.41,7.33,1,0
Shivang Kumar,133,210,7,39,0,0,7,21,9,9.47,30.0,19.0,29.32,1.0,,9.47,,1,0
P Amarnath,132,241,7,34,0,0,6,29,7,10.95,34.43,18.86,25.76,1.17,11.0,10.42,21.0,0,0
XC Bartlett,221,394,7,73,0,0,11,46,16,10.7,56.29,31.57,33.03,0.64,10.58,12.0,9.86,0,0
M Siddharth,166,238,7,59,1,2,8,17,11,8.6,34.0,23.71,35.54,0.88,7.78,8.38,12.63,0,0
S Dube,144,260,7,33,5,0,17,19,12,10.83,37.14,20.57,22.92,0.41,,10.36,12.35,1,0
RR Raje,139,214,7,41,4,1,10,23,4,9.24,30.57,19.86,29.5,0.7,11.33,7.89,12.21,0,0
Ramandeep Singh,61,95,7,19,5,0,6,6,4,9.34,13.57,8.71,31.15,1.17,,10.5,8.07,1,0
KM Asif,134,232,7,47,8,1,7,16,14,10.39,33.14,19.14,35.07,1.0,9.67,9.91,15.43,0,0
R Shukla,120,217,7,44,7,3,7,21,9,10.85,31.0,17.14,36.67,1.0,8.8,11.29,16.67,0,0
OF Smith,90,179,7,36,4,1,6,12,16,11.93,25.57,12.86,40.0,1.17,7.75,12.75,15.33,1,0
PC Valthaty,151,207,7,46,2,0,10,15,7,8.23,29.57,21.57,30.46,0.7,9.0,8.09,9.23,1,0
Brijesh Sharma,126,180,7,48,0,0,6,22,4,8.57,25.71,18.0,38.1,1.17,7.91,8.04,9.5,0,0
Swapnil Singh,162,241,7,39,2,1,14,14,12,8.93,34.43,23.14,24.07,0.5,8.54,9.29,,0,0
AJ Hosein,108,150,7,40,0,0,5,8,10,8.33,21.43,15.43,37.04,1.4,7.93,8.5,12.0,1,0
D Pretorius,150,242,7,46,16,0,7,14,11,9.68,34.57,21.43,30.67,1.0,,7.21,12.82,0,0
B Stanlake,144,200,7,64,6,0,6,19,9,8.33,28.57,20.57,44.44,1.17,7.93,8.67,11.0,0,0
V Sehwag,136,236,6,45,1,1,15,19,16,10.41,39.33,22.67,33.09,0.4,18.67,8.83,12.6,0,0
S Tyagi,209,304,6,99,8,3,14,34,12,8.73,50.67,34.83,47.37,0.43,8.38,7.25,17.45,0,0
SB Bangar,150,221,6,57,3,0,9,24,7,8.84,36.83,25.0,38.0,0.67,5.0,9.44,13.33,0,0
DG Nalkande,84,150,6,24,4,1,6,10,8,10.71,25.0,14.0,28.57,1.0,11.0,10.3,12.5,0,0
W O'Rourke,64,132,6,17,0,0,3,16,6,12.38,22.0,10.67,26.56,2.0,12.48,12.0,12.86,1,0
AK Markram,224,344,6,59,1,1,23,18,21,9.21,57.33,37.33,26.34,0.26,7.97,9.82,8.73,0,0
SS Cottrell,120,177,6,59,11,0,6,19,8,8.85,29.5,20.0,49.17,1.0,7.71,7.0,16.0,0,0
Fazalhaq Farooqi,256,440,6,85,10,0,12,55,12,10.31,73.33,42.67,33.2,0.5,8.82,9.92,14.88,0,0
Ashok Sharma,136,233,6,63,0,0,6,21,14,10.28,38.83,22.67,46.32,1.0,14.64,7.97,10.75,0,0
VS Malik,205,268,6,88,5,2,13,30,6,7.84,44.67,34.17,42.93,0.46,7.8,7.62,10.29,0,0
V Puthur,73,109,6,25,0,0,5,4,9,8.96,18.17,12.17,34.25,1.2,,8.5,11.08,1,0
KMDN Kulasekara,102,122,6,47,5,0,5,16,0,7.18,20.33,17.0,46.08,1.2,7.45,8.0,6.4,0,0
R Sathish,139,233,6,31,5,0,14,18,10,10.06,38.83,23.17,22.3,0.43,4.0,9.45,18.46,0,0
M de Lange,108,171,6,41,6,2,5,21,4,9.5,28.5,18.0,37.96,1.2,8.2,9.67,12.0,1,0
MG Bracewell,66,95,6,26,0,0,5,7,6,8.64,15.83,11.0,39.39,1.2,5.4,11.33,,0,0
K Khejroliya,140,250,6,41,6,2,8,17,15,10.71,41.67,23.33,29.29,0.75,12.0,8.87,12.97,0,0
PP Hinge,79,145,6,36,0,0,3,11,11,11.01,24.17,13.17,45.57,2.0,12.3,10.62,9.23,1,0
RV Gomez,96,130,6,38,1,0,9,10,7,8.12,21.67,16.0,39.58,0.67,4.0,7.57,20.0,0,0
JE Taylor,117,167,6,54,4,1,5,10,9,8.56,27.83,19.5,46.15,1.2,6.38,6.67,11.29,1,0
Jaskaran Singh,102,174,6,42,5,4,7,23,4,10.24,29.0,17.0,41.18,0.86,8.33,10.0,14.75,0,0
S Narwal,106,203,6,38,7,0,6,17,13,11.49,33.83,17.67,35.85,1.0,9.08,16.64,16.5,1,0
S Kaushik,204,304,6,72,5,1,10,25,14,8.94,50.67,34.0,35.29,0.6,8.75,8.0,16.67,1,0
JA Duffy,80,139,6,37,0,0,3,8,12,10.42,23.17,13.33,46.25,2.0,10.59,6.46,13.12,1,0
FH Edwards,140,160,6,75,9,1,6,20,2,6.86,26.67,23.33,53.57,1.0,4.69,8.0,10.23,0,0
V Kohli,251,371,5,55,7,6,26,25,11,8.87,74.2,50.2,21.91,0.19,6.21,8.73,16.29,0,0
RJW Topley,120,222,5,44,5,0,6,23,13,11.1,44.4,24.0,36.67,0.83,8.73,13.8,14.25,0,0
SH Johnson,169,289,5,66,3,0,9,30,15,10.26,57.8,33.8,39.05,0.56,10.21,11.45,9.07,0,0
SB Wagh,102,147,5,50,6,0,8,21,2,8.65,29.4,20.4,49.02,0.62,8.0,,13.5,1,0
O Thomas,60,85,5,22,1,2,4,9,1,8.5,17.0,12.0,36.67,1.25,9.67,4.5,9.0,0,0
PD Collingwood,89,101,5,24,1,0,6,4,3,6.81,20.2,17.8,26.97,0.83,,7.25,4.94,0,0
MJ Henry,163,314,5,44,3,0,9,26,18,11.56,62.8,32.6,26.99,0.56,10.95,13.95,10.0,0,0
S Ladda,138,225,5,49,2,1,9,12,17,9.78,45.0,27.6,35.51,0.56,10.83,9.15,10.25,0,0
TM Dilshan,271,368,5,81,4,0,25,27,15,8.15,73.6,54.2,29.89,0.2,7.15,8.33,11.54,0,0
HR Shokeen,204,320,5,82,7,2,13,20,20,9.41,64.0,40.8,40.2,0.38,8.15,10.19,,0,0
Shoaib Ahmed,102,154,5,35,1,0,7,14,7,9.06,30.8,20.4,34.31,0.71,10.5,7.1,20.0,0,0
A Choudhary,101,144,5,42,6,1,5,13,6,8.55,28.8,20.2,41.58,1.0,6.0,11.59,10.0,0,0
Gurkeerat Singh,78,97,5,26,4,0,6,6,3,7.46,19.4,15.6,33.33,0.83,7.67,7.4,,0,0
AP Dole,66,114,5,21,6,1,3,11,4,10.36,22.8,13.2,31.82,1.67,11.17,8.5,13.0,0,0
KL Nagarkoti,180,287,5,52,5,0,11,21,14,9.57,57.4,36.0,28.89,0.45,9.0,10.05,7.0,0,0
Ankit Soni,109,145,4,38,3,0,6,8,7,7.98,36.25,27.25,34.86,0.67,3.5,8.38,24.0,0,0
WA Mota,72,98,4,25,2,1,7,4,5,8.17,24.5,18.0,34.72,0.57,,6.1,18.5,0,0
Shashank Singh,61,91,4,16,1,0,6,8,3,8.95,22.75,15.25,26.23,0.67,,7.35,15.5,0,0
Y Nagar,66,125,4,16,2,4,8,11,6,11.36,31.25,16.5,24.24,0.5,10.0,11.5,,0,0
Shivam Sharma,114,165,4,37,0,0,5,9,10,8.68,41.25,28.5,32.46,0.8,2.0,9.2,8.33,0,0
DJ Muthuswami,84,108,4,47,0,0,6,14,3,7.71,27.0,21.0,55.95,0.67,8.25,8.0,1.0,0,0
Arjun Tendulkar,73,117,4,33,9,1,5,10,5,9.62,29.25,18.25,45.21,0.8,6.9,32.25,6.0,0,0
DP Vijaykumar,152,205,4,69,5,2,9,23,5,8.09,51.25,38.0,45.39,0.44,7.41,6.0,12.69,0,0
Parvez Rasool,198,273,4,62,2,0,11,22,11,8.27,68.25,49.5,31.31,0.36,8.23,8.3,,0,0
LE Plunkett,150,228,4,42,4,0,7,15,12,9.12,57.0,37.5,28.0,0.57,10.78,8.0,8.43,1,0
Sikandar Raza,85,146,3,23,3,0,7,15,4,10.31,48.67,28.33,27.06,0.43,14.0,9.7,,0,0
AL Menaria,110,144,3,40,3,0,12,15,4,7.85,48.0,36.67,36.36,0.25,6.7,8.21,12.5,0,0
SM Harwood,60,74,3,34,7,0,3,6,2,7.4,24.67,20.0,56.67,1.0,2.33,10.25,8.67,0,0
VR Iyer,81,145,3,17,2,1,9,12,7,10.74,48.33,27.0,20.99,0.33,,10.4,11.71,0,0
Abhinandan Singh,60,122,3,17,0,0,3,13,7,12.2,40.67,20.0,28.33,1.0,17.25,8.54,9.6,0,0
GHS Garton,90,136,3,32,5,2,5,11,6,9.07,45.33,30.0,35.56,0.6,10.8,5.33,6.0,0,0
Gagandeep Singh,84,142,3,26,0,0,4,14,6,10.14,47.33,28.0,30.95,0.75,7.0,7.9,18.67,0,0
Gurjapneet Singh,88,139,3,31,0,0,5,9,9,9.48,46.33,29.33,35.23,0.6,11.0,9.36,9.38,0,0
T Shamsi,120,185,3,32,0,0,5,14,8,9.25,61.67,40.0,26.67,0.6,8.0,8.85,15.0,0,0
RN ten Doeschate,78,94,3,22,5,0,10,4,3,7.23,31.33,26.0,28.21,0.3,,6.83,12.0,0,0
P Sahu,105,152,3,27,2,0,5,11,5,8.69,50.67,35.0,25.71,0.6,9.33,8.55,,0,0
JA Richardson,90,162,3,32,4,0,4,12,10,10.8,54.0,30.0,35.56,0.75,10.8,10.12,13.5,0,0
JJ van der Wath,72,134,3,31,2,2,3,17,6,11.17,44.67,24.0,43.06,1.0,8.2,14.67,12.25,0,0
MJ Clarke,66,72,3,24,0,0,5,4,2,6.55,24.0,22.0,36.36,0.6,6.0,6.67,,0,0
A Flintoff,66,106,2,21,0,0,3,7,7,9.64,53.0,33.0,31.82,0.67,7.67,6.2,17.33,0,0
MK Lomror,90,127,2,22,4,0,11,8,5,8.47,63.5,45.0,24.44,0.18,7.25,8.91,,0,0
DNT Zoysa,66,100,2,25,1,2,3,12,3,9.09,50.0,33.0,37.88,0.67,7.57,13.0,11.33,0,0
AU Rashid,60,91,2,20,0,0,3,4,7,9.1,45.5,30.0,33.33,0.67,9.67,8.86,,0,0
KT Maphaka,68,148,2,26,3,0,4,18,8,13.06,74.0,34.0,38.24,0.5,11.86,13.29,17.0,0,0
RJ Gleeson,69,111,2,26,3,1,3,14,3,9.65,55.5,34.5,37.68,0.67,9.6,8.75,10.8,0,0
Mayank Dagar,137,205,2,44,1,0,8,14,11,8.98,102.5,68.5,32.12,0.25,11.5,8.28,12.0,0,0
LJ Wright,71,125,2,15,4,0,6,5,9,10.56,62.5,35.5,21.13,0.33,12.0,9.7,19.2,0,0
P Suyal,96,154,2,39,7,4,5,16,5,9.62,77.0,48.0,40.62,0.4,10.0,6.33,12.5,0,0
KJ Abbott,96,182,2,30,5,1,5,24,4,11.38,91.0,48.0,31.25,0.4,10.43,12.0,12.33,0,0
C Bosch,65,95,2,34,0,0,3,7,7,8.77,47.5,32.5,52.31,0.67,11.0,10.74,4.57,0,0
FA Allen,90,136,2,26,1,0,4,11,7,9.07,68.0,45.0,28.89,0.5,9.75,8.82,,0,0
Mohammad Hafeez,60,71,2,25,2,1,4,5,2,7.1,35.5,30.0,41.67,0.5,8.0,7.0,,0,0
P Dubey,78,112,2,24,1,0,5,10,5,8.62,56.0,39.0,30.77,0.4,4.0,9.45,,0,0
V Viyaskanth,60,90,1,19,0,0,3,4,6,9.0,90.0,60.0,31.67,0.33,5.5,9.88,,0,0
AA Jhunjhunwala,85,130,1,28,3,0,10,10,5,9.18,130.0,85.0,32.94,0.1,8.17,9.88,12.0,0,0
TP Sudhindra,70,137,1,19,3,1,3,9,9,11.74,137.0,70.0,27.14,0.33,10.0,11.6,14.62,0,0
K Goel,66,94,0,20,1,0,6,9,2,8.55,,,30.3,0.0,5.0,8.9,,0,0
