total_runs,batting_average,strike_rate,hundreds,fifties,boundary_rate,sr_powerplay,sr_death,dot_ball_pct_bat,wickets,economy_rate,bowling_average,bowling_sr,dot_ball_pct_bowl,economy_death,economy_powerplay,three_wicket_haul,matches_batted,matches_bowled,role,auction_price_cr,player,predicted_price_cr
280.0,18.67,145.08,0.0,0.0,16.06,83.33,151.18,30.05,19.0,9.16,21.05,13.79,31.68,10.39,15.0,1.0,23.0,20.0,0,6.87,A Ashish Reddy,6.97
1135.0,25.8,136.42,0.0,7.0,16.23,96.88,170.73,33.05,0.0,10.5,50.0,40.0,30.0,11.0,9.0,0.0,54.0,0.0,1,5.25,A Badoni,5.13
0.0,0.0,0.0,0.0,0.0,0.0,110.0,120.0,30.0,11.0,6.28,22.27,21.27,44.87,6.0,5.79,1.0,0.0,12.0,0,4.61,A Chandila,4.23
53.0,10.6,74.65,0.0,0.0,9.86,67.44,120.0,57.75,0.0,10.5,50.0,40.0,30.0,11.0,9.0,0.0,6.0,0.0,0,3.01,A Chopra,2.72
0.0,0.0,0.0,0.0,0.0,0.0,110.0,120.0,30.0,5.0,8.55,28.8,20.2,41.58,10.0,6.0,0.0,0.0,5.0,0,2.17,A Choudhary,2.38
62.0,31.0,116.98,0.0,0.0,13.21,107.14,169.23,37.74,2.0,9.64,53.0,33.0,31.82,17.33,7.67,0.0,3.0,3.0,0,3.98,A Flintoff,4.06
55.0,27.5,117.02,0.0,0.0,12.77,110.0,117.78,36.17,24.0,8.69,21.96,15.17,43.96,7.7,8.94,3.0,9.0,19.0,2,8.3,A Kamboj,8.21
35.0,17.5,74.47,0.0,0.0,6.38,110.0,74.36,46.81,49.0,6.77,22.22,19.69,41.14,8.38,5.43,5.0,15.0,42.0,2,9.86,A Kumble,9.85
292.0,15.37,123.73,0.0,0.0,15.68,66.67,166.23,38.98,0.0,10.5,50.0,40.0,30.0,11.0,9.0,0.0,20.0,0.0,0,3.52,A Manohar,3.58
441.0,36.75,176.4,0.0,3.0,29.6,179.74,90.0,35.6,0.0,10.5,50.0,40.0,30.0,11.0,9.0,0.0,13.0,0.0,0,5.53,A Mhatre,5.36
381.0,12.7,91.37,0.0,0.0,8.63,83.33,113.4,42.45,183.0,7.46,22.91,18.42,36.19,9.85,6.88,20.0,55.0,162.0,2,24.4,A Mishra,24.82
0.0,0.0,0.0,0.0,0.0,0.0,110.0,120.0,30.0,8.0,9.94,59.62,36.0,32.99,11.92,9.06,0.0,0.0,16.0,0,1.36,A Mithun,1.57
41.0,5.12,68.33,0.0,0.0,6.67,110.0,63.16,60.0,121.0,7.98,20.97,15.77,43.4,9.06,7.57,18.0,17.0,88.0,2,18.01,A Nehra,17.93
49.0,8.17,98.0,0.0,0.0,12.0,110.0,104.55,48.0,63.0,9.27,27.62,17.87,40.76,10.6,8.58,5.0,14.0,49.0,2,9.34,A Nortje,9.51
672.0,29.22,140.88,0.0,4.0,19.5,140.88,144.44,33.54,0.0,10.5,50.0,40.0,30.0,11.0,9.0,0.0,26.0,0.0,1,4.21,A Raghuvanshi,4.86
0.0,0.0,0.0,0.0,0.0,0.0,110.0,120.0,30.0,31.0,8.11,20.61,15.26,42.28,10.31,7.0,3.0,0.0,23.0,2,5.15,A Singh,5.41
974.0,37.46,130.74,1.0,5.0,15.44,104.58,168.31,36.64,23.0,7.9,30.17,22.91,39.09,11.77,6.19,1.0,36.0,30.0,3,8.81,A Symonds,8.82
0.0,0.0,0.0,0.0,0.0,0.0,110.0,120.0,30.0,32.0,8.39,20.5,14.66,30.92,13.52,7.14,3.0,0.0,22.0,2,5.09,A Zampa,5.15
69.0,13.8,82.14,0.0,0.0,5.95,71.05,125.93,46.43,0.0,10.5,50.0,40.0,30.0,11.0,9.0,0.0,7.0,0.0,0,2.09,AA Bilakhia,2.34
0.0,0.0,0.0,0.0,0.0,0.0,110.0,120.0,30.0,8.0,8.2,42.38,31.0,44.35,16.5,7.39,0.0,0.0,13.0,0,1.65,AA Chavan,1.98
217.0,15.5,103.83,0.0,1.0,11.48,59.62,139.47,42.58,1.0,9.18,130.0,85.0,32.94,12.0,8.17,0.0,15.0,10.0,0,4.14,AA Jhunjhunwala,3.8
179.0,22.38,118.54,0.0,0.0,11.92,153.85,137.97,35.1,33.0,9.01,35.58,23.7,34.91,10.1,8.88,3.0,18.0,42.0,2,7.7,AB Agarkar,7.8
42.0,21.0,100.0,0.0,0.0,14.29,111.11,40.0,50.0,0.0,10.5,50.0,40.0,30.0,11.0,9.0,0.0,3.0,0.0,0,3.06,AB Barath,3.21
26.0,2.89,54.17,0.0,0.0,4.17,110.0,48.65,60.42,82.0,8.32,25.65,18.49,42.74,11.3,7.4,9.0,16.0,75.0,2,11.19,AB Dinda,11.18
123.0,24.6,123.0,0.0,0.0,13.0,157.89,125.81,35.0,14.0,8.48,18.79,13.29,27.96,10.2,8.8,2.0,9.0,10.0,0,5.91,AB McDonald,6.23
5181.0,41.45,152.38,3.0,40.0,19.62,118.41,235.26,30.56,0.0,10.5,50.0,40.0,30.0,11.0,9.0,0.0,170.0,0.0,1,12.99,AB de Villiers,13.41
120.0,17.14,133.33,0.0,1.0,25.56,129.41,120.0,52.22,0.0,10.5,50.0,40.0,30.0,11.0,9.0,0.0,7.0,0.0,0,3.59,AC Blizzard,3.98
2069.0,27.22,139.51,2.0,11.0,22.32,133.79,208.0,45.38,0.0,10.5,50.0,40.0,30.0,11.0,9.0,0.0,80.0,0.0,1,7.57,AC Gilchrist,7.45
0.0,0.0,0.0,0.0,0.0,0.0,110.0,120.0,30.0,16.0,7.92,26.0,19.69,42.22,10.12,6.53,1.0,0.0,15.0,0,3.4,AC Thomas,3.44
181.0,30.17,126.57,0.0,0.0,12.59,84.62,150.0,30.77,0.0,10.5,50.0,40.0,30.0,11.0,9.0,0.0,7.0,0.0,0,3.72,AC Voges,4.0
148.0,24.67,126.5,0.0,0.0,16.24,135.23,120.0,40.17,0.0,10.5,50.0,40.0,30.0,11.0,9.0,0.0,6.0,0.0,0,3.44,AD Hales,3.68
79.0,7.9,101.28,0.0,0.0,7.69,200.0,110.34,35.9,19.0,7.11,19.21,16.21,42.21,10.29,7.22,2.0,11.0,13.0,0,6.88,AD Mascarenhas,5.48
724.0,23.35,126.35,0.0,1.0,12.74,68.75,154.07,31.94,28.0,8.31,39.11,28.25,29.96,8.88,8.43,2.0,41.0,44.0,3,8.51,AD Mathews,8.13
90.0,9.0,91.84,0.0,0.0,9.18,76.47,88.89,44.9,0.0,10.5,50.0,40.0,30.0,11.0,9.0,0.0,10.0,0.0,0,2.05,AD Nath,2.52
2655.0,28.86,174.9,0.0,12.0,27.01,215.38,204.71,40.05,133.0,9.64,21.87,13.62,35.78,11.14,8.48,14.0,114.0,121.0,3,23.8,AD Russell,23.91
0.0,0.0,0.0,0.0,0.0,0.0,110.0,120.0,30.0,9.0,9.83,37.67,23.0,37.2,9.88,9.89,2.0,0.0,10.0,0,2.08,AF Milne,2.14
0.0,0.0,0.0,0.0,0.0,0.0,110.0,120.0,30.0,12.0,7.32,26.83,22.0,40.15,15.5,5.13,3.0,0.0,12.0,0,3.57,AG Murtaza,3.49
49.0,9.8,89.09,0.0,0.0,16.36,89.09,120.0,65.45,0.0,10.5,50.0,40.0,30.0,11.0,9.0,0.0,5.0,0.0,0,2.04,AG Paunikar,2.53
2092.0,24.9,128.66,0.0,15.0,17.96,116.13,162.4,42.0,0.0,10.5,50.0,40.0,30.0,11.0,9.0,0.0,90.0,0.0,1,5.99,AJ Finch,6.16
0.0,0.0,0.0,0.0,0.0,0.0,110.0,120.0,30.0,7.0,8.33,21.43,15.43,37.04,12.0,7.93,1.0,0.0,5.0,0,2.47,AJ Hosein,2.36
91.0,11.38,121.33,0.0,0.0,14.67,110.0,110.2,46.67,48.0,8.8,20.94,14.27,32.85,10.06,8.12,7.0,13.0,30.0,2,10.12,AJ Tye,9.87
1633.0,29.69,135.18,0.0,10.0,16.31,125.81,186.07,31.46,6.0,9.21,57.33,37.33,26.34,8.73,7.97,0.0,63.0,23.0,1,7.28,AK Markram,6.66
401.0,18.23,113.28,0.0,0.0,11.86,88.0,131.67,39.55,3.0,7.85,48.0,36.67,36.36,12.5,6.7,0.0,23.0,12.0,0,4.21,AL Menaria,4.24
0.0,0.0,0.0,0.0,0.0,0.0,110.0,120.0,30.0,8.0,8.42,18.25,13.0,36.54,1.0,8.9,0.0,0.0,5.0,0,3.47,AM Ghazanfar,3.32
672.0,17.23,117.28,0.0,0.0,13.09,84.04,161.15,38.92,9.0,8.46,35.89,25.44,30.57,9.0,7.25,1.0,50.0,19.0,1,5.11,AM Nayar,5.43
5194.0,29.85,124.92,2.0,34.0,15.78,120.32,164.96,36.53,0.0,10.5,50.0,40.0,30.0,11.0,9.0,0.0,191.0,0.0,1,10.43,AM Rahane,10.85
0.0,0.0,0.0,0.0,0.0,0.0,110.0,120.0,30.0,7.0,8.2,29.29,21.43,40.67,9.2,8.08,0.0,0.0,7.0,0,2.47,AM Salvi,2.55
0.0,0.0,0.0,0.0,0.0,0.0,110.0,120.0,30.0,15.0,8.98,34.33,22.93,38.08,12.0,8.08,1.0,0.0,17.0,0,3.26,AN Ahmed,2.81
0.0,0.0,0.0,0.0,0.0,0.0,110.0,120.0,30.0,5.0,10.36,22.8,13.2,31.82,13.0,11.17,0.0,0.0,3.0,0,1.54,AP Dole,1.42
87.0,21.75,114.47,0.0,0.0,11.84,126.32,120.0,35.53,0.0,10.5,50.0,40.0,30.0,11.0,9.0,0.0,4.0,0.0,0,2.56,AP Majumdar,3.36
339.0,14.12,124.63,0.0,1.0,18.75,114.62,161.9,47.43,0.0,10.5,50.0,40.0,30.0,11.0,9.0,0.0,27.0,0.0,0,4.06,AP Tare,3.77
1947.0,20.71,133.17,0.0,3.0,15.53,102.59,157.98,33.17,144.0,7.51,30.15,24.1,33.94,8.58,7.38,4.0,129.0,168.0,3,20.57,AR Patel,20.67
27.0,27.0,84.38,0.0,0.0,9.38,110.0,72.73,50.0,22.0,9.77,32.14,19.73,39.63,10.96,9.83,1.0,5.0,22.0,2,5.19,AS Joseph,5.27
26.0,6.5,63.41,0.0,0.0,7.32,110.0,71.43,65.85,24.0,9.55,35.17,22.08,40.38,12.27,9.19,2.0,7.0,29.0,2,5.13,AS Rajpoot,5.15
194.0,17.64,116.17,0.0,0.0,11.98,83.33,140.79,37.13,0.0,10.5,50.0,40.0,30.0,11.0,9.0,0.0,16.0,0.0,0,3.76,AS Raut,3.66
65.0,9.29,122.64,0.0,0.0,13.21,80.0,160.0,37.74,13.0,8.18,27.69,20.31,37.12,9.0,8.67,0.0,12.0,16.0,0,6.13,AS Roy,5.81
49.0,7.0,125.64,0.0,0.0,17.95,110.0,134.48,43.59,0.0,10.5,50.0,40.0,30.0,11.0,9.0,0.0,6.0,0.0,0,3.04,AS Yadav,3.53
4348.0,28.61,128.22,1.0,22.0,15.69,104.46,172.64,34.95,0.0,10.5,50.0,40.0,30.0,11.0,9.0,0.0,185.0,0.0,1,8.53,AT Rayudu,8.53
0.0,0.0,0.0,0.0,0.0,0.0,110.0,120.0,30.0,2.0,9.1,45.5,30.0,33.33,11.0,9.67,0.0,0.0,3.0,0,1.55,AU Rashid,1.45
815.0,17.72,146.06,0.0,0.0,18.46,120.0,174.43,35.13,0.0,10.5,50.0,40.0,30.0,11.0,9.0,0.0,56.0,0.0,1,4.8,Abdul Samad,4.6
0.0,0.0,0.0,0.0,0.0,0.0,110.0,120.0,30.0,3.0,12.2,40.67,20.0,28.33,9.6,17.25,0.0,0.0,3.0,0,1.03,Abhinandan Singh,0.99
2196.0,29.28,165.74,2.0,12.0,25.58,166.29,160.78,36.83,11.0,9.22,49.45,32.18,28.53,9.82,9.65,0.0,82.0,35.0,1,9.27,Abhishek Sharma,9.33
691.0,23.83,144.26,0.0,3.0,19.83,143.15,206.9,33.82,0.0,10.5,50.0,40.0,30.0,11.0,9.0,0.0,30.0,0.0,1,4.61,Abishek Porel,4.85
0.0,0.0,0.0,0.0,0.0,0.0,110.0,120.0,30.0,11.0,11.42,50.36,26.45,36.08,14.79,10.35,1.0,0.0,14.0,0,1.29,Akash Deep,1.52
0.0,0.0,0.0,0.0,0.0,0.0,110.0,120.0,30.0,26.0,9.99,23.0,13.81,33.15,10.29,7.79,5.0,0.0,17.0,2,5.0,Akash Madhwal,4.79
0.0,0.0,0.0,0.0,0.0,0.0,110.0,120.0,30.0,9.0,9.54,36.22,22.78,35.61,10.0,9.18,0.0,0.0,10.0,0,2.77,Akash Singh,2.47
115.0,12.78,110.58,0.0,1.0,13.46,80.0,137.93,48.08,0.0,10.5,50.0,40.0,30.0,11.0,9.0,0.0,10.0,0.0,0,3.27,Aman Hakim Khan,3.34
0.0,0.0,0.0,0.0,0.0,0.0,110.0,120.0,30.0,10.0,8.3,20.6,14.9,41.61,14.28,6.44,1.0,0.0,8.0,0,3.14,Anand Rajan,2.91
309.0,22.07,156.85,0.0,1.0,21.32,100.0,181.01,38.58,0.0,10.5,50.0,40.0,30.0,11.0,9.0,0.0,19.0,0.0,0,4.86,Aniket Verma,4.48
63.0,15.75,95.45,0.0,0.0,10.61,90.0,100.0,46.97,0.0,10.5,50.0,40.0,30.0,11.0,9.0,0.0,4.0,0.0,0,2.46,Anirudh Singh,2.73
87.0,12.43,129.85,0.0,0.0,16.42,116.67,110.71,40.3,12.0,7.41,37.75,30.58,37.87,19.71,5.86,0.0,10.0,21.0,0,5.48,Ankit Sharma,5.74
0.0,0.0,0.0,0.0,0.0,0.0,110.0,120.0,30.0,4.0,7.98,36.25,27.25,34.86,24.0,3.5,0.0,0.0,6.0,0,2.46,Ankit Soni,2.35
139.0,15.44,120.87,0.0,0.0,19.13,125.25,120.0,46.09,0.0,10.5,50.0,40.0,30.0,11.0,9.0,0.0,9.0,0.0,0,3.5,Anmolpreet Singh,3.47
318.0,22.71,119.1,0.0,1.0,14.98,97.92,189.55,42.7,0.0,10.5,50.0,40.0,30.0,11.0,9.0,0.0,21.0,0.0,0,4.66,Anuj Rawat,4.15
36.0,9.0,76.6,0.0,0.0,6.38,110.0,82.86,46.81,21.0,9.26,30.29,19.62,36.89,11.04,7.66,2.0,8.0,22.0,2,4.0,Anureet Singh,4.63
0.0,0.0,0.0,0.0,0.0,0.0,110.0,120.0,30.0,4.0,9.62,29.25,18.25,45.21,6.0,6.9,0.0,0.0,5.0,0,2.92,Arjun Tendulkar,2.79
119.0,19.83,135.23,0.0,1.0,15.91,110.0,144.44,42.05,14.0,11.07,39.0,21.14,40.2,13.91,10.08,1.0,10.0,19.0,0,5.36,Arshad Khan,5.68
31.0,5.17,67.39,0.0,0.0,8.7,110.0,67.5,67.39,114.0,9.18,25.91,16.94,38.06,9.79,8.79,13.0,13.0,89.0,2,15.7,Arshdeep Singh,16.11
0.0,0.0,0.0,0.0,0.0,0.0,110.0,120.0,30.0,6.0,10.28,38.83,22.67,46.32,10.75,14.64,0.0,0.0,6.0,0,1.79,Ashok Sharma,1.37
426.0,25.06,157.78,0.0,2.0,21.11,110.0,170.89,35.19,0.0,10.5,50.0,40.0,30.0,11.0,9.0,0.0,20.0,0.0,0,4.1,Ashutosh Sharma,4.37
0.0,0.0,0.0,0.0,0.0,0.0,110.0,120.0,30.0,17.0,9.67,17.35,10.76,38.8,12.94,10.86,2.0,0.0,9.0,0,3.12,Ashwani Kumar,2.9
260.0,28.89,145.25,0.0,2.0,21.23,153.39,120.0,36.31,0.0,10.5,50.0,40.0,30.0,11.0,9.0,0.0,10.0,0.0,0,4.64,Atharva Taide,4.33
68.0,22.67,147.83,0.0,0.0,23.91,110.0,133.33,47.83,99.0,9.25,26.99,17.51,36.81,10.07,9.35,12.0,16.0,80.0,2,16.98,Avesh Khan,14.57
388.0,20.42,128.05,0.0,2.0,17.16,90.91,152.38,38.28,31.0,7.9,22.81,17.32,38.36,9.96,6.76,5.0,21.0,23.0,2,8.95,Azhar Mahmood,8.65
99.0,12.38,130.26,0.0,0.0,17.11,110.0,143.75,38.16,12.0,9.68,39.67,24.58,37.29,12.0,9.56,0.0,9.0,15.0,0,4.61,Azmatullah Omarzai,4.71
76.0,10.86,138.18,0.0,0.0,18.18,110.0,163.33,43.64,7.0,7.85,35.14,26.86,34.04,12.9,7.5,0.0,11.0,13.0,0,4.95,B Akhil,5.08
280.0,17.5,112.0,0.0,1.0,14.0,77.65,177.27,41.6,0.0,10.5,50.0,40.0,30.0,11.0,9.0,0.0,21.0,0.0,0,4.08,B Chipli,3.75
21.0,7.0,70.0,0.0,0.0,6.67,72.41,120.0,56.67,0.0,10.5,50.0,40.0,30.0,11.0,9.0,0.0,3.0,0.0,0,2.26,B Indrajith,2.26
332.0,8.97,91.97,0.0,0.0,9.7,110.0,99.65,45.98,228.0,7.84,25.35,19.39,43.8,9.66,6.7,21.0,73.0,198.0,2,26.0,B Kumar,26.3
0.0,0.0,0.0,0.0,0.0,0.0,110.0,120.0,30.0,10.0,10.14,28.4,16.8,26.19,13.22,10.17,0.0,0.0,9.0,0,1.99,B Laughlin,2.11
124.0,12.4,129.17,0.0,0.0,16.67,110.0,140.54,41.67,30.0,7.72,37.53,29.17,45.71,9.06,7.12,1.0,19.0,38.0,2,7.88,B Lee,8.09
2115.0,49.19,146.16,3.0,14.0,19.7,134.7,210.99,30.62,0.0,10.5,50.0,40.0,30.0,11.0,9.0,0.0,48.0,0.0,1,9.07,B Sai Sudharsan,8.88
0.0,0.0,0.0,0.0,0.0,0.0,110.0,120.0,30.0,7.0,8.33,28.57,20.57,44.44,11.0,7.93,0.0,0.0,6.0,0,2.1,B Stanlake,2.34
35.0,35.0,94.59,0.0,0.0,8.11,110.0,109.52,37.84,0.0,10.5,50.0,40.0,30.0,11.0,9.0,0.0,4.0,0.0,0,2.96,B Sumanth,3.26
0.0,0.0,0.0,0.0,0.0,0.0,110.0,120.0,30.0,13.0,8.27,31.38,22.77,33.11,9.07,7.06,1.0,0.0,15.0,0,3.12,BA Bhatt,3.24
935.0,22.8,134.53,2.0,2.0,16.26,129.13,150.59,33.24,31.0,8.91,33.0,22.23,36.28,10.56,8.64,3.0,43.0,38.0,3,9.3,BA Stokes,9.21
0.0,0.0,0.0,0.0,0.0,0.0,110.0,120.0,30.0,9.0,7.52,34.0,27.11,32.38,9.0,6.79,0.0,0.0,10.0,0,3.01,BAW Mendis,3.07
2882.0,27.19,132.44,2.0,13.0,19.44,128.29,216.44,43.11,0.0,10.5,50.0,40.0,30.0,11.0,9.0,0.0,109.0,0.0,1,7.92,BB McCullum,8.06
125.0,25.0,110.62,0.0,1.0,13.27,84.62,129.17,39.82,0.0,10.5,50.0,40.0,30.0,11.0,9.0,0.0,8.0,0.0,0,3.53,BB Samantray,3.6
0.0,0.0,0.0,0.0,0.0,0.0,110.0,120.0,30.0,20.0,9.53,38.35,24.15,36.23,9.65,9.25,1.0,0.0,24.0,2,3.37,BB Sran,3.71
238.0,21.64,168.79,0.0,0.0,24.11,50.0,190.83,37.59,12.0,9.18,35.83,23.42,27.76,12.72,9.22,0.0,17.0,17.0,0,5.69,BCJ Cutting,5.94
0.0,0.0,0.0,0.0,0.0,0.0,110.0,120.0,30.0,11.0,9.56,21.73,13.64,36.67,9.57,10.73,2.0,0.0,7.0,0,2.85,BE Hendricks,2.83
1400.0,30.43,125.9,0.0,6.0,14.84,92.57,169.76,35.88,18.0,7.95,17.22,13.0,33.76,11.0,9.11,2.0,63.0,20.0,1,8.12,BJ Hodge,8.07
193.0,27.57,136.88,0.0,1.0,18.44,50.0,243.33,36.88,0.0,10.5,50.0,40.0,30.0,11.0,9.0,0.0,8.0,0.0,0,4.42,BJ Rohrer,4.42
40.0,13.33,114.29,0.0,0.0,20.0,114.29,120.0,54.29,0.0,10.5,50.0,40.0,30.0,11.0,9.0,0.0,3.0,0.0,0,3.31,BR Dunk,3.47
0.0,0.0,0.0,0.0,0.0,0.0,110.0,120.0,30.0,23.0,8.02,21.61,16.17,49.46,11.36,6.5,1.0,0.0,17.0,2,4.35,BW Hilfenhaus,4.37
32.0,16.0,91.43,0.0,0.0,5.71,110.0,100.0,40.0,26.0,9.93,33.15,20.04,31.29,11.81,9.24,2.0,7.0,25.0,2,6.18,Basil Thampi,5.72
187.0,31.17,152.03,0.0,0.0,16.26,110.0,156.7,26.83,22.0,8.18,26.41,19.36,32.63,19.5,7.08,0.0,17.0,28.0,2,7.15,Bipul Sharma,7.08
0.0,0.0,0.0,0.0,0.0,0.0,110.0,120.0,30.0,7.0,8.57,25.71,18.0,38.1,9.5,7.91,0.0,0.0,6.0,0,2.61,Brijesh Sharma,2.5
58.0,29.0,161.11,0.0,0.0,22.22,110.0,180.65,33.33,2.0,8.77,47.5,32.5,52.31,4.57,11.0,0.0,3.0,3.0,0,6.68,C Bosch,6.03
270.0,45.0,163.64,0.0,2.0,25.45,115.0,209.09,36.97,0.0,10.5,50.0,40.0,30.0,11.0,9.0,0.0,7.0,0.0,0,4.95,C Connolly,5.43
903.0,34.73,152.28,1.0,3.0,20.24,146.31,170.75,30.52,22.0,9.39,35.14,22.45,37.45,12.87,9.57,0.0,36.0,33.0,3,8.58,C Green,8.46
177.0,19.67,125.53,0.0,0.0,19.15,132.38,80.0,46.1,0.0,10.5,50.0,40.0,30.0,11.0,9.0,0.0,11.0,0.0,0,3.6,C Munro,3.63
20.0,4.0,66.67,0.0,0.0,10.0,110.0,76.0,66.67,20.0,8.75,32.45,22.25,34.83,11.65,6.84,2.0,7.0,20.0,2,5.82,C Sakariya,5.49
303.0,20.2,135.27,0.0,0.0,16.07,11.11,138.78,36.61,7.0,8.97,46.14,30.86,28.7,9.75,6.0,1.0,21.0,19.0,0,5.22,C de Grandhomme,5.24
205.0,17.08,114.53,0.0,0.0,15.08,70.37,151.43,41.34,0.0,10.5,50.0,40.0,30.0,11.0,9.0,0.0,15.0,0.0,0,3.62,CA Ingram,3.65
1329.0,34.08,141.23,0.0,10.0,21.04,144.39,136.36,41.13,0.0,10.5,50.0,40.0,30.0,11.0,9.0,0.0,42.0,0.0,1,5.98,CA Lynn,6.05
390.0,21.67,100.0,0.0,1.0,13.85,93.78,137.93,47.95,0.0,10.5,50.0,40.0,30.0,11.0,9.0,0.0,22.0,0.0,0,3.01,CA Pujara,3.26
4997.0,39.35,150.02,6.0,31.0,23.03,135.29,209.33,43.89,19.0,8.18,39.74,29.16,35.38,9.49,8.45,1.0,141.0,38.0,1,16.31,CH Gayle,13.23
618.0,21.31,155.67,0.0,2.0,19.14,211.11,173.76,29.97,107.0,8.26,22.21,16.13,41.02,8.83,7.81,12.0,49.0,81.0,3,19.04,CH Morris,19.19
538.0,24.45,127.79,0.0,3.0,16.86,79.27,197.22,43.94,14.0,10.61,37.5,21.21,28.96,14.91,9.82,1.0,29.0,22.0,1,6.33,CJ Anderson,6.22
98.0,16.33,83.76,0.0,0.0,7.69,68.75,106.25,47.86,0.0,10.5,50.0,40.0,30.0,11.0,9.0,0.0,8.0,0.0,0,2.15,CJ Ferguson,2.39
81.0,9.0,105.19,0.0,0.0,7.79,110.0,121.05,44.16,36.0,9.89,30.86,18.72,33.38,12.22,9.48,5.0,12.0,34.0,2,7.74,CJ Jordan,7.68
0.0,0.0,0.0,0.0,0.0,0.0,110.0,120.0,30.0,13.0,7.65,15.31,12.0,48.08,8.0,7.07,1.0,0.0,7.0,0,3.41,CK Langeveldt,3.69
971.0,27.74,128.27,0.0,6.0,15.06,89.17,191.22,34.35,0.0,10.5,50.0,40.0,30.0,11.0,9.0,0.0,45.0,0.0,1,5.36,CL White,5.26
169.0,18.78,113.42,0.0,0.0,15.44,111.94,121.62,50.34,0.0,10.5,50.0,40.0,30.0,11.0,9.0,0.0,13.0,0.0,0,4.24,CM Gautam,3.62
181.0,12.93,164.55,0.0,0.0,23.64,110.0,201.43,40.0,16.0,9.07,24.0,15.88,30.71,10.5,6.0,2.0,14.0,16.0,0,6.8,CR Brathwaite,6.91
78.0,15.6,101.3,0.0,0.0,11.69,110.0,110.64,42.86,31.0,9.19,21.74,14.19,39.32,11.21,8.52,3.0,12.0,21.0,2,6.78,CR Woakes,6.96
0.0,0.0,0.0,0.0,0.0,0.0,110.0,120.0,30.0,19.0,7.85,16.11,12.32,45.73,10.0,7.14,2.0,0.0,10.0,0,4.33,CRD Fernando,4.2
26.0,8.67,54.17,0.0,0.0,4.17,110.0,64.1,60.42,109.0,7.75,24.03,18.61,38.26,9.41,7.88,10.0,12.0,89.0,2,14.76,CV Varun,14.96
519.0,25.95,144.57,0.0,2.0,20.06,108.89,224.14,40.67,0.0,10.5,50.0,40.0,30.0,11.0,9.0,0.0,20.0,0.0,1,4.4,D Brevis,5.06
191.0,23.88,144.7,0.0,2.0,21.97,116.67,145.83,41.67,0.0,10.5,50.0,40.0,30.0,11.0,9.0,0.0,9.0,0.0,0,4.54,D Ferreira,4.17
2048.0,26.6,130.95,1.0,14.0,18.29,129.85,144.29,39.13,0.0,10.5,50.0,40.0,30.0,11.0,9.0,0.0,81.0,0.0,1,6.34,D Padikkal,7.12
0.0,0.0,0.0,0.0,0.0,0.0,110.0,120.0,30.0,7.0,9.68,34.57,21.43,30.67,12.82,9.0,0.0,0.0,7.0,0,1.82,D Pretorius,1.92
148.0,24.67,148.0,0.0,0.0,19.0,110.0,157.97,30.0,17.0,9.06,26.29,17.41,29.05,9.6,8.12,2.0,11.0,15.0,0,6.66,D Wiese,6.86
3200.0,34.78,138.59,1.0,13.0,16.28,90.66,172.81,31.57,0.0,10.5,50.0,40.0,30.0,11.0,9.0,0.0,140.0,0.0,1,8.07,DA Miller,7.61
6567.0,40.04,140.26,4.0,62.0,19.2,136.32,179.65,36.63,0.0,10.5,50.0,40.0,30.0,11.0,9.0,0.0,184.0,0.0,1,15.64,DA Warner,14.98
304.0,25.33,116.92,0.0,0.0,15.0,115.79,130.86,45.0,0.0,10.5,50.0,40.0,30.0,11.0,9.0,0.0,22.0,0.0,0,3.51,DB Das,3.65
375.0,18.75,119.05,0.0,1.0,13.97,94.2,140.23,36.83,0.0,10.5,50.0,40.0,30.0,11.0,9.0,0.0,25.0,0.0,0,4.0,DB Ravi Teja,3.8
0.0,0.0,0.0,0.0,0.0,0.0,110.0,120.0,30.0,43.0,7.46,16.65,13.4,46.88,7.66,7.48,6.0,0.0,27.0,2,7.25,DE Bollinger,7.33
0.0,0.0,0.0,0.0,0.0,0.0,110.0,120.0,30.0,6.0,10.71,25.0,14.0,28.57,12.5,11.0,0.0,0.0,6.0,0,1.43,DG Nalkande,1.46
170.0,18.89,127.82,0.0,0.0,18.8,0.0,139.39,41.35,0.0,10.5,50.0,40.0,30.0,11.0,9.0,0.0,17.0,0.0,0,4.3,DH Yagnik,3.84
1560.0,22.61,130.43,0.0,5.0,15.55,98.68,190.02,37.79,207.0,8.53,21.43,15.07,33.78,9.91,7.53,21.0,110.0,158.0,3,28.35,DJ Bravo,28.31
111.0,37.0,109.9,0.0,0.0,15.84,89.04,120.0,49.5,0.0,10.5,50.0,40.0,30.0,11.0,9.0,0.0,4.0,0.0,0,3.79,DJ Harris,3.79
1497.0,18.48,127.95,0.0,8.0,13.68,94.47,150.21,33.25,10.0,8.68,55.0,38.0,28.16,12.0,7.24,0.0,101.0,34.0,1,6.38,DJ Hooda,6.38
1322.0,27.54,123.55,0.0,5.0,14.02,103.73,177.56,37.1,10.0,9.18,48.5,31.7,29.02,16.29,10.25,0.0,61.0,26.0,1,6.37,DJ Hussey,6.25
92.0,13.14,93.88,0.0,0.0,14.29,90.32,120.0,60.2,0.0,10.5,50.0,40.0,30.0,11.0,9.0,0.0,7.0,0.0,0,2.4,DJ Jacobs,2.66
351.0,27.0,131.46,0.0,2.0,14.23,137.76,131.03,28.09,0.0,10.5,50.0,40.0,30.0,11.0,9.0,0.0,15.0,0.0,0,3.56,DJ Mitchell,3.82
0.0,0.0,0.0,0.0,0.0,0.0,110.0,120.0,30.0,4.0,7.71,27.0,21.0,55.95,1.0,8.25,0.0,0.0,6.0,0,3.71,DJ Muthuswami,3.32
39.0,13.0,73.58,0.0,0.0,7.55,28.57,120.0,56.6,0.0,10.5,50.0,40.0,30.0,11.0,9.0,0.0,4.0,0.0,0,2.47,DJ Thornely,2.39
53.0,17.67,85.48,0.0,0.0,11.29,64.29,123.53,54.84,7.0,7.69,39.57,30.86,38.89,10.75,6.71,0.0,5.0,11.0,0,4.5,DJ Willey,4.28
295.0,19.67,122.41,0.0,1.0,13.69,155.56,155.56,40.66,14.0,9.0,25.29,16.86,31.78,11.77,8.78,2.0,20.0,19.0,0,6.11,DJG Sammy,6.18
115.0,16.43,116.16,0.0,0.0,16.16,83.82,120.0,45.45,0.0,10.5,50.0,40.0,30.0,11.0,9.0,0.0,7.0,0.0,0,3.07,DJM Short,3.22
123.0,15.38,138.2,0.0,0.0,15.73,0.0,114.89,37.08,92.0,8.23,29.43,21.46,43.87,10.08,8.0,7.0,17.0,98.0,2,14.52,DL Chahar,14.44
121.0,17.29,108.04,0.0,0.0,11.61,110.0,122.0,35.71,34.0,6.9,26.29,22.85,36.42,9.1,5.92,3.0,16.0,34.0,2,8.45,DL Vettori,8.4
0.0,0.0,0.0,0.0,0.0,0.0,110.0,120.0,30.0,2.0,9.09,50.0,33.0,37.88,11.33,7.57,0.0,0.0,3.0,0,1.1,DNT Zoysa,1.49
1080.0,43.2,139.18,0.0,11.0,19.46,124.15,154.17,34.92,0.0,10.5,50.0,40.0,30.0,11.0,9.0,0.0,28.0,0.0,1,6.97,DP Conway,6.62
0.0,0.0,0.0,0.0,0.0,0.0,110.0,120.0,30.0,38.0,7.57,21.45,17.0,47.37,8.71,6.57,5.0,0.0,29.0,2,7.05,DP Nannes,6.85
0.0,0.0,0.0,0.0,0.0,0.0,110.0,120.0,30.0,4.0,8.09,51.25,38.0,45.39,12.69,7.41,0.0,0.0,9.0,0,1.34,DP Vijaykumar,2.13
1808.0,28.25,123.67,1.0,10.0,16.42,115.99,180.92,38.3,0.0,10.5,50.0,40.0,30.0,11.0,9.0,0.0,78.0,0.0,1,6.52,DPMD Jayawardene,6.54
44.0,4.4,100.0,0.0,0.0,9.09,16.67,133.33,50.0,15.0,8.8,35.2,24.0,40.0,11.75,7.15,2.0,13.0,16.0,0,4.59,DR Sams,4.66
2385.0,29.44,135.9,0.0,17.0,20.63,125.0,155.41,44.84,27.0,9.18,30.56,19.96,33.21,12.88,10.22,2.0,88.0,46.0,3,11.22,DR Smith,10.93
104.0,11.56,96.3,0.0,0.0,8.33,110.0,106.59,41.67,91.0,8.44,27.62,19.64,42.81,10.94,7.64,9.0,20.0,92.0,2,14.03,DS Kulkarni,13.88
0.0,0.0,0.0,0.0,0.0,0.0,110.0,120.0,30.0,17.0,8.46,38.88,27.59,31.34,10.52,8.03,0.0,0.0,19.0,0,2.74,DS Rathi,2.95
460.0,16.43,116.75,0.0,0.0,10.66,35.71,139.57,34.01,40.0,8.28,30.45,22.08,35.79,11.78,8.03,0.0,41.0,49.0,2,8.12,DT Christian,8.13
167.0,7.59,104.38,0.0,0.0,10.62,110.0,115.33,43.12,105.0,7.1,24.6,20.78,48.76,8.93,6.43,11.0,33.0,95.0,2,16.35,DW Steyn,14.62
928.0,30.93,149.92,0.0,7.0,20.03,140.74,178.39,32.15,0.0,10.5,50.0,40.0,30.0,11.0,9.0,0.0,44.0,0.0,1,6.03,Dhruv Jurel,5.71
654.0,27.25,137.11,0.0,4.0,20.55,140.26,160.0,44.44,0.0,10.5,50.0,40.0,30.0,11.0,9.0,0.0,26.0,0.0,1,5.68,E Lewis,5.21
0.0,0.0,0.0,0.0,0.0,0.0,110.0,120.0,30.0,29.0,8.76,17.28,11.83,40.23,9.0,10.12,5.0,0.0,15.0,2,5.53,E Malinga,5.64
1406.0,23.05,122.58,0.0,5.0,15.34,93.36,168.33,41.67,0.0,10.5,50.0,40.0,30.0,11.0,9.0,0.0,74.0,0.0,1,4.59,EJG Morgan,4.83
4773.0,35.36,135.79,0.0,39.0,17.47,133.23,199.04,34.22,0.0,10.5,50.0,40.0,30.0,11.0,9.0,0.0,147.0,0.0,1,10.52,F du Plessis,10.78
0.0,0.0,0.0,0.0,0.0,0.0,110.0,120.0,30.0,2.0,9.07,68.0,45.0,28.89,11.0,9.75,0.0,0.0,4.0,0,1.0,FA Allen,1.34
81.0,16.2,184.09,0.0,0.0,38.64,184.09,120.0,50.0,0.0,10.5,50.0,40.0,30.0,11.0,9.0,0.0,5.0,0.0,0,4.52,FH Allen,4.53
0.0,0.0,0.0,0.0,0.0,0.0,110.0,120.0,30.0,6.0,6.86,26.67,23.33,53.57,10.23,4.69,0.0,0.0,6.0,0,3.03,FH Edwards,2.89
183.0,20.33,106.4,0.0,0.0,13.37,98.86,120.0,38.95,0.0,10.5,50.0,40.0,30.0,11.0,9.0,0.0,11.0,0.0,0,3.34,FY Fazal,3.5
0.0,0.0,0.0,0.0,0.0,0.0,110.0,120.0,30.0,6.0,10.31,73.33,42.67,33.2,14.88,8.82,0.0,0.0,12.0,0,1.59,Fazalhaq Farooqi,1.54
31.0,5.17,93.94,0.0,0.0,12.12,110.0,100.0,54.55,15.0,10.61,32.67,18.47,38.27,10.11,10.91,2.0,7.0,14.0,0,4.66,G Coetzee,3.76
4217.0,31.47,124.25,0.0,36.0,16.23,121.43,139.84,36.39,0.0,10.5,50.0,40.0,30.0,11.0,9.0,0.0,151.0,0.0,1,10.29,G Gambhir,9.94
0.0,0.0,0.0,0.0,0.0,0.0,110.0,120.0,30.0,25.0,7.66,23.4,18.32,37.12,8.4,6.54,2.0,0.0,21.0,2,4.86,GB Hogg,5.02
739.0,24.63,111.3,0.0,4.0,15.51,95.59,163.64,44.43,0.0,10.5,50.0,40.0,30.0,11.0,9.0,0.0,29.0,0.0,1,5.47,GC Smith,4.98
0.0,0.0,0.0,0.0,0.0,0.0,110.0,120.0,30.0,8.0,9.96,28.62,17.25,34.06,15.6,9.17,1.0,0.0,6.0,0,2.2,GC Viljoen,2.03
0.0,0.0,0.0,0.0,0.0,0.0,110.0,120.0,30.0,14.0,6.78,26.14,23.14,50.0,9.45,5.97,1.0,0.0,14.0,0,3.62,GD McGrath,3.68
132.0,12.0,118.92,0.0,0.0,13.51,57.89,165.22,43.24,0.0,10.5,50.0,40.0,30.0,11.0,9.0,0.0,13.0,0.0,0,2.99,GD Phillips,3.46
284.0,14.2,89.03,0.0,0.0,7.52,71.03,105.77,42.63,0.0,10.5,50.0,40.0,30.0,11.0,9.0,0.0,23.0,0.0,0,2.79,GH Vihari,2.55
0.0,0.0,0.0,0.0,0.0,0.0,110.0,120.0,30.0,3.0,9.07,45.33,30.0,35.56,6.0,10.8,0.0,0.0,5.0,0,2.27,GHS Garton,2.1
663.0,22.86,122.55,0.0,2.0,14.42,99.38,187.58,36.6,0.0,10.5,50.0,40.0,30.0,11.0,9.0,0.0,36.0,0.0,1,4.59,GJ Bailey,4.57
2820.0,24.1,155.37,0.0,18.0,21.98,134.12,182.52,35.98,45.0,8.32,31.6,22.8,33.24,8.54,8.21,0.0,134.0,85.0,3,13.74,GJ Maxwell,13.95
0.0,0.0,0.0,0.0,0.0,0.0,110.0,120.0,30.0,3.0,10.14,47.33,28.0,30.95,18.67,7.0,0.0,0.0,4.0,0,1.0,Gagandeep Singh,1.14
0.0,0.0,0.0,0.0,0.0,0.0,110.0,120.0,30.0,3.0,9.48,46.33,29.33,35.23,9.38,11.0,0.0,0.0,5.0,0,1.35,Gurjapneet Singh,1.41
511.0,18.93,121.09,0.0,2.0,15.64,90.57,160.8,36.97,5.0,7.46,19.4,15.6,33.33,11.0,7.67,0.0,32.0,6.0,1,5.03,Gurkeerat Singh,5.41
1829.0,42.53,162.72,2.0,10.0,20.11,128.92,191.48,25.71,0.0,10.5,50.0,40.0,30.0,11.0,9.0,0.0,53.0,0.0,1,7.51,H Klaasen,7.49
190.0,21.11,124.18,1.0,0.0,17.65,109.78,145.0,42.48,0.0,10.5,50.0,40.0,30.0,11.0,9.0,0.0,11.0,0.0,0,4.51,HC Brook,4.17
0.0,0.0,0.0,0.0,0.0,0.0,110.0,120.0,30.0,7.0,8.85,34.14,23.14,31.48,13.5,6.0,0.0,0.0,8.0,0,1.95,HF Gurney,2.41
886.0,27.69,110.06,0.0,6.0,14.16,103.93,174.29,46.96,0.0,10.5,50.0,40.0,30.0,11.0,9.0,0.0,36.0,0.0,1,4.23,HH Gibbs,4.96
2855.0,27.72,146.49,0.0,10.0,19.04,106.47,181.14,33.66,87.0,9.38,31.4,20.08,36.06,12.49,9.5,9.0,146.0,113.0,3,17.32,HH Pandya,17.38
577.0,44.38,142.12,2.0,3.0,19.95,124.89,213.16,34.24,0.0,10.5,50.0,40.0,30.0,11.0,9.0,0.0,16.0,0.0,1,6.42,HM Amla,6.44
66.0,22.0,101.54,0.0,0.0,13.85,12.5,120.0,47.69,5.0,9.41,64.0,40.8,40.2,11.0,8.15,0.0,5.0,13.0,0,3.69,HR Shokeen,3.72
274.0,9.79,117.09,0.0,0.0,13.68,110.0,130.77,42.31,168.0,9.01,22.3,14.85,35.03,10.32,8.87,20.0,43.0,119.0,2,23.31,HV Patel,23.25
833.0,14.88,139.07,0.0,1.0,20.2,114.06,158.31,41.9,161.0,7.2,25.47,21.22,38.41,8.75,6.81,15.0,88.0,160.0,3,24.05,Harbhajan Singh,24.23
0.0,0.0,0.0,0.0,0.0,0.0,110.0,120.0,30.0,31.0,8.16,24.1,17.71,38.8,8.67,8.74,3.0,0.0,28.0,2,5.09,Harmeet Singh,5.19
244.0,18.77,120.2,0.0,0.0,14.29,110.0,138.17,40.39,35.0,8.04,32.06,23.91,34.41,11.39,8.38,4.0,26.0,47.0,2,8.44,Harpreet Brar,8.36
123.0,20.5,104.24,0.0,0.0,11.02,97.06,88.89,41.53,0.0,10.5,50.0,40.0,30.0,11.0,9.0,0.0,8.0,0.0,0,3.21,Harpreet Singh,3.33
0.0,0.0,0.0,0.0,0.0,0.0,110.0,120.0,30.0,13.0,8.64,18.62,12.92,33.93,6.0,9.48,2.0,0.0,9.0,0,4.45,Harsh Dubey,4.45
59.0,8.43,103.51,0.0,0.0,14.04,110.0,85.71,57.89,42.0,9.5,24.93,15.74,41.15,9.99,9.43,4.0,10.0,32.0,2,8.63,Harshit Rana,8.32
57.0,8.14,82.61,0.0,0.0,8.7,110.0,83.02,53.62,100.0,8.57,34.65,24.26,44.39,11.46,7.58,6.0,21.0,117.0,2,12.79,I Sharma,14.54
0.0,0.0,0.0,0.0,0.0,0.0,110.0,120.0,30.0,8.0,9.86,35.75,21.75,28.16,9.78,11.0,0.0,0.0,10.0,0,1.62,I Udana,1.85
0.0,0.0,0.0,0.0,0.0,0.0,110.0,120.0,30.0,19.0,7.91,32.05,24.32,48.27,12.5,7.75,0.0,0.0,24.0,0,3.64,IC Pandey,3.51
1150.0,22.12,121.44,0.0,1.0,13.31,113.79,158.15,35.48,99.0,7.96,27.38,20.64,43.32,9.56,7.21,8.0,82.0,101.0,3,16.73,IK Pathan,16.72
76.0,15.2,78.35,0.0,0.0,6.19,61.7,92.31,49.48,0.0,10.5,50.0,40.0,30.0,11.0,9.0,0.0,7.0,0.0,0,2.52,IR Jaggi,2.35
0.0,0.0,0.0,0.0,0.0,0.0,110.0,120.0,30.0,9.0,6.76,22.67,20.11,36.46,36.0,6.38,1.0,0.0,8.0,0,4.5,IS Sodhi,3.05
33.0,8.25,89.19,0.0,0.0,13.51,110.0,107.41,56.76,86.0,7.88,20.1,15.3,34.27,8.61,8.04,13.0,8.0,59.0,2,14.61,Imran Tahir,12.37
88.0,88.0,107.32,0.0,0.0,12.2,110.0,118.0,40.24,45.0,7.34,25.0,20.44,37.61,9.51,6.47,5.0,13.0,48.0,2,10.98,Iqbal Abdulla,10.44
3310.0,30.65,141.03,1.0,20.0,20.15,131.39,193.15,37.71,0.0,10.5,50.0,40.0,30.0,11.0,9.0,0.0,120.0,0.0,1,8.89,Ishan Kishan,9.62
409.0,18.59,114.25,0.0,1.0,12.29,80.28,137.76,37.15,27.0,7.07,30.3,25.7,38.62,8.57,7.57,2.0,28.0,34.0,2,8.24,J Botha,7.95
385.0,27.5,200.52,0.0,4.0,35.94,213.16,120.0,43.23,0.0,10.5,50.0,40.0,30.0,11.0,9.0,0.0,15.0,0.0,0,5.48,J Fraser-McGurk,5.22
0.0,0.0,0.0,0.0,0.0,0.0,110.0,120.0,30.0,13.0,8.97,26.23,17.54,36.84,10.62,9.2,2.0,0.0,11.0,0,3.44,J Little,3.12
151.0,30.2,154.08,0.0,0.0,21.43,110.0,155.22,33.67,9.0,10.14,30.22,17.89,36.02,9.78,13.03,2.0,8.0,10.0,0,6.02,J Overton,6.29
70.0,17.5,114.75,0.0,0.0,14.75,110.0,176.92,47.54,20.0,8.63,30.2,21.0,33.81,13.5,8.05,0.0,9.0,21.0,2,5.87,J Suchith,6.01
0.0,0.0,0.0,0.0,0.0,0.0,110.0,120.0,30.0,10.0,8.94,28.6,19.2,26.04,6.0,5.25,0.0,0.0,11.0,0,2.88,J Syed Mohammad,3.4
0.0,0.0,0.0,0.0,0.0,0.0,110.0,120.0,30.0,13.0,8.44,23.92,17.0,33.94,8.73,9.21,1.0,0.0,10.0,0,3.41,J Theron,3.39
40.0,20.0,111.11,0.0,0.0,8.33,110.0,104.17,33.33,9.0,6.88,49.67,43.33,39.74,11.0,7.48,0.0,4.0,20.0,0,5.76,J Yadav,5.47
0.0,0.0,0.0,0.0,0.0,0.0,110.0,120.0,30.0,6.0,10.42,23.17,13.33,46.25,13.12,10.59,1.0,0.0,3.0,0,1.11,JA Duffy,1.33
975.0,24.38,142.75,0.0,3.0,16.98,121.74,164.55,33.09,96.0,8.39,25.09,17.95,39.64,9.64,8.62,10.0,67.0,87.0,3,17.44,JA Morkel,17.09
0.0,0.0,0.0,0.0,0.0,0.0,110.0,120.0,30.0,3.0,10.8,54.0,30.0,35.56,13.5,10.8,0.0,0.0,4.0,0,0.25,JA Richardson,0.39
275.0,13.75,143.98,0.0,0.0,17.28,0.0,156.43,37.17,77.0,8.04,25.12,18.74,46.92,10.23,6.78,8.0,34.0,61.0,2,13.55,JC Archer,13.68
4391.0,39.21,149.51,7.0,26.0,21.62,138.78,193.84,36.6,0.0,10.5,50.0,40.0,30.0,11.0,9.0,0.0,127.0,0.0,1,12.77,JC Buttler,12.52
604.0,20.83,132.75,0.0,4.0,19.34,132.28,147.37,41.98,11.0,7.98,28.55,21.45,35.59,12.0,6.0,1.0,29.0,16.0,1,6.58,JD Ryder,6.17
201.0,14.36,118.93,0.0,0.0,13.61,110.0,128.81,39.64,125.0,9.02,28.33,18.84,33.46,11.57,7.93,14.0,28.0,115.0,2,17.54,JD Unadkat,18.45
106.0,13.25,99.07,0.0,0.0,10.28,110.0,142.86,43.93,13.0,9.16,27.85,18.23,36.29,8.88,9.37,1.0,11.0,14.0,0,5.02,JDP Oram,4.76
92.0,11.5,98.92,0.0,0.0,8.6,110.0,88.89,43.01,8.0,9.5,42.75,27.0,31.48,18.0,9.64,1.0,10.0,13.0,0,3.98,JDS Neesham,3.57
0.0,0.0,0.0,0.0,0.0,0.0,110.0,120.0,30.0,6.0,8.56,27.83,19.5,46.15,11.29,6.38,1.0,0.0,5.0,0,2.12,JE Taylor,2.25
327.0,29.73,109.0,0.0,1.0,11.33,84.31,152.94,38.33,9.0,8.94,25.0,16.78,27.15,19.0,10.0,0.0,16.0,15.0,0,5.09,JEC Franklin,5.4
101.0,25.25,168.33,0.0,1.0,30.0,176.0,120.0,40.0,0.0,10.5,50.0,40.0,30.0,11.0,9.0,0.0,4.0,0.0,0,4.7,JG Bethell,4.77
2427.0,27.27,109.67,0.0,17.0,13.51,103.58,194.23,41.08,74.0,8.09,31.73,23.54,36.74,10.02,7.53,4.0,95.0,89.0,3,15.51,JH Kallis,15.48
75.0,9.38,87.21,0.0,0.0,8.14,110.0,82.05,45.35,206.0,7.43,21.23,17.14,42.51,8.47,6.89,31.0,29.0,152.0,2,29.13,JJ Bumrah,28.22
614.0,34.11,139.23,0.0,4.0,21.77,131.17,170.0,40.36,0.0,10.5,50.0,40.0,30.0,11.0,9.0,0.0,21.0,0.0,1,5.44,JJ Roy,5.49
0.0,0.0,0.0,0.0,0.0,0.0,110.0,120.0,30.0,3.0,11.17,44.67,24.0,43.06,12.25,8.2,0.0,0.0,3.0,0,0.2,JJ van der Wath,0.66
0.0,0.0,0.0,0.0,0.0,0.0,110.0,120.0,30.0,11.0,9.04,29.18,19.36,36.62,10.67,8.76,0.0,0.0,10.0,0,2.58,JL Pattinson,2.75
1674.0,33.48,146.2,2.0,9.0,21.57,145.82,155.17,38.86,0.0,10.5,50.0,40.0,30.0,11.0,9.0,0.0,52.0,0.0,1,6.69,JM Bairstow,7.09
1053.0,23.4,152.61,0.0,1.0,21.3,84.62,181.95,37.1,0.0,10.5,50.0,40.0,30.0,11.0,9.0,0.0,53.0,0.0,1,5.32,JM Sharma,5.12
282.0,13.43,128.77,0.0,0.0,15.53,61.9,141.46,42.01,60.0,8.89,25.78,17.4,34.87,10.18,8.65,10.0,28.0,48.0,2,11.54,JO Holder,11.49
0.0,0.0,0.0,0.0,0.0,0.0,110.0,120.0,30.0,22.0,9.23,25.59,16.64,39.89,12.88,8.43,3.0,0.0,17.0,2,3.86,JP Behrendorff,4.0
2029.0,41.41,124.4,0.0,14.0,12.57,98.35,182.1,31.64,23.0,7.5,36.83,29.48,35.69,11.17,7.32,1.0,75.0,49.0,3,10.55,JP Duminy,10.23
527.0,18.82,136.88,0.0,0.0,15.32,70.0,166.95,32.99,76.0,8.96,24.33,16.29,35.54,10.33,7.93,9.0,45.0,60.0,3,14.41,JP Faulkner,14.35
278.0,27.8,157.06,0.0,1.0,23.73,162.03,147.37,38.98,0.0,10.5,50.0,40.0,30.0,11.0,9.0,0.0,11.0,0.0,0,4.27,JP Inglis,4.73
0.0,0.0,0.0,0.0,0.0,0.0,110.0,120.0,30.0,66.0,8.33,20.86,15.03,45.67,10.21,7.52,10.0,0.0,44.0,2,9.79,JR Hazlewood,9.67
417.0,24.53,136.72,0.0,4.0,19.67,126.0,143.24,36.39,14.0,9.37,40.14,25.71,33.06,11.43,6.29,0.0,19.0,20.0,0,6.08,JR Hopes,5.98
78.0,19.5,101.3,0.0,0.0,12.99,100.0,50.0,45.45,0.0,10.5,50.0,40.0,30.0,11.0,9.0,0.0,5.0,0.0,0,2.72,JR Philippe,3.22
0.0,0.0,0.0,0.0,0.0,0.0,110.0,120.0,30.0,6.0,10.24,29.0,17.0,41.18,14.75,8.33,0.0,0.0,7.0,0,2.29,Jaskaran Singh,1.94
36.0,9.0,120.0,0.0,0.0,10.0,110.0,126.09,33.33,13.0,9.87,32.38,19.69,28.52,11.61,11.25,0.0,5.0,15.0,0,4.55,Joginder Sharma,4.45
218.0,16.77,94.37,0.0,0.0,11.26,97.62,109.09,52.81,0.0,8.55,50.0,40.0,30.3,11.0,5.0,0.0,16.0,6.0,0,2.87,K Goel,3.02
247.0,13.72,166.89,0.0,0.0,21.62,114.29,190.0,34.46,22.0,8.42,37.5,26.73,36.73,14.5,8.49,0.0,27.0,35.0,2,7.53,K Gowtham,7.42
0.0,0.0,0.0,0.0,0.0,0.0,110.0,120.0,30.0,12.0,8.73,34.33,23.58,32.16,13.33,8.83,0.0,0.0,16.0,0,3.21,K Kartikeya,2.98
0.0,0.0,0.0,0.0,0.0,0.0,110.0,120.0,30.0,6.0,10.71,41.67,23.33,29.29,12.97,12.0,0.0,0.0,8.0,0,1.6,K Khejroliya,1.34
250.0,13.16,107.76,0.0,0.0,12.93,60.0,132.09,45.69,141.0,8.85,22.07,14.97,41.35,9.82,8.56,17.0,32.0,92.0,2,19.73,K Rabada,19.7
77.0,19.25,104.05,0.0,0.0,13.51,110.0,140.62,54.05,15.0,9.86,30.67,18.67,40.71,13.47,9.34,2.0,10.0,14.0,0,5.13,KA Jamieson,5.2
3437.0,26.64,148.47,0.0,16.0,19.22,92.13,184.05,36.37,81.0,8.87,27.16,18.37,28.36,11.43,7.65,3.0,168.0,107.0,3,17.16,KA Pollard,16.32
51.0,10.2,100.0,0.0,0.0,9.8,110.0,86.21,43.14,0.0,10.5,50.0,40.0,30.0,11.0,9.0,0.0,8.0,0.0,0,2.33,KB Arun Karthik,2.97
0.0,0.0,0.0,0.0,0.0,0.0,110.0,120.0,30.0,8.0,9.69,43.62,27.0,28.7,11.0,11.0,0.0,0.0,11.0,0,1.95,KC Cariappa,1.59
1687.0,24.45,121.81,0.0,10.0,16.03,112.03,157.78,37.18,0.0,10.5,50.0,40.0,30.0,11.0,9.0,0.0,68.0,0.0,1,5.89,KC Sangakkara,5.63
4843.0,25.9,135.66,0.0,22.0,17.56,100.69,188.55,34.15,0.0,10.5,50.0,40.0,30.0,11.0,9.0,0.0,233.0,0.0,1,8.27,KD Karthik,8.13
1792.0,21.85,131.96,0.0,2.0,16.42,99.13,157.14,37.04,106.0,7.62,30.8,24.25,32.87,8.83,7.57,11.0,117.0,140.0,3,18.38,KH Pandya,19.19
0.0,0.0,0.0,0.0,0.0,0.0,110.0,120.0,30.0,2.0,11.38,91.0,48.0,31.25,12.33,10.43,0.0,0.0,5.0,0,0.2,KJ Abbott,0.49
0.0,0.0,0.0,0.0,0.0,0.0,110.0,120.0,30.0,96.0,9.05,26.26,17.42,43.96,11.23,8.33,12.0,0.0,76.0,2,12.21,KK Ahmed,11.98
116.0,12.89,173.13,0.0,0.0,25.37,122.22,203.03,40.3,36.0,8.22,21.92,16.0,36.28,9.07,7.11,5.0,12.0,25.0,2,10.19,KK Cooper,8.78
1699.0,23.27,131.1,0.0,11.0,18.13,124.69,190.09,38.66,0.0,10.5,50.0,40.0,30.0,11.0,9.0,0.0,77.0,0.0,1,5.54,KK Nair,5.54
22.0,5.5,66.67,0.0,0.0,3.03,110.0,83.33,48.48,5.0,9.57,57.4,36.0,28.89,7.0,9.0,0.0,7.0,11.0,0,3.79,KL Nagarkoti,3.47
5593.0,45.47,138.17,6.0,42.0,17.69,126.16,186.58,33.28,0.0,10.5,50.0,40.0,30.0,11.0,9.0,0.0,143.0,0.0,1,13.52,KL Rahul,13.73
0.0,0.0,0.0,0.0,0.0,0.0,110.0,120.0,30.0,7.0,10.39,33.14,19.14,35.07,15.43,9.67,0.0,0.0,7.0,0,1.34,KM Asif,1.73
1208.0,22.37,124.66,0.0,4.0,14.65,88.43,143.38,35.19,0.0,10.5,50.0,40.0,30.0,11.0,9.0,0.0,81.0,0.0,1,4.6,KM Jadhav,4.61
0.0,0.0,0.0,0.0,0.0,0.0,110.0,120.0,30.0,10.0,8.8,23.9,16.3,33.13,11.19,16.5,2.0,0.0,8.0,0,3.37,KMA Paul,2.82
0.0,0.0,0.0,0.0,0.0,0.0,110.0,120.0,30.0,6.0,7.18,20.33,17.0,46.08,6.4,7.45,0.0,0.0,5.0,0,2.87,KMDN Kulasekara,3.27
0.0,0.0,0.0,0.0,0.0,0.0,110.0,120.0,30.0,11.0,8.08,26.45,19.64,32.41,11.0,9.33,1.0,0.0,13.0,0,3.34,KP Appanna,3.34
1001.0,35.75,134.91,1.0,4.0,17.65,130.19,200.0,37.06,9.0,7.52,24.22,19.33,32.76,9.67,6.0,0.0,36.0,13.0,1,7.81,KP Pietersen,7.79
379.0,29.15,146.9,0.0,4.0,23.26,141.98,120.0,48.06,0.0,10.5,50.0,40.0,30.0,11.0,9.0,0.0,13.0,0.0,0,4.49,KR Mayers,4.42
0.0,0.0,0.0,0.0,0.0,0.0,110.0,120.0,30.0,14.0,9.86,28.29,17.21,36.93,13.96,9.1,2.0,0.0,12.0,0,2.94,KR Sen,2.75
199.0,28.43,123.6,0.0,1.0,12.42,110.26,200.0,34.78,0.0,10.5,50.0,40.0,30.0,11.0,9.0,0.0,8.0,0.0,0,4.21,KS Bharat,4.23
2132.0,36.14,126.0,0.0,18.0,14.83,98.48,168.66,34.46,0.0,10.5,50.0,40.0,30.0,11.0,9.0,0.0,76.0,0.0,1,6.78,KS Williamson,6.94
0.0,0.0,0.0,0.0,0.0,0.0,110.0,120.0,30.0,2.0,13.06,74.0,34.0,38.24,17.0,11.86,0.0,0.0,4.0,0,0.81,KT Maphaka,0.39
352.0,14.08,119.32,0.0,0.0,12.54,71.43,141.61,38.31,89.0,8.56,25.43,17.82,34.05,10.88,7.0,9.0,40.0,87.0,2,13.91,KV Sharma,13.94
36.0,12.0,92.31,0.0,0.0,7.69,110.0,75.0,43.59,21.0,8.58,22.81,15.95,40.6,11.26,6.9,1.0,4.0,15.0,2,5.48,KW Richardson,5.4
128.0,32.0,166.23,0.0,1.0,27.27,124.39,166.67,42.86,0.0,10.5,50.0,40.0,30.0,11.0,9.0,0.0,6.0,0.0,0,5.32,Kamran Akmal,5.1
0.0,0.0,0.0,0.0,0.0,0.0,110.0,120.0,30.0,14.0,8.96,17.71,11.86,42.77,10.41,9.33,2.0,0.0,9.0,0,4.06,Kamran Khan,3.7
0.0,0.0,0.0,0.0,0.0,0.0,110.0,120.0,30.0,14.0,9.5,23.07,14.57,32.35,12.67,8.67,2.0,0.0,9.0,0,2.35,Karanveer Singh,2.86
58.0,11.6,113.73,0.0,0.0,13.73,225.0,115.38,50.98,0.0,10.5,50.0,40.0,30.0,11.0,9.0,0.0,5.0,0.0,0,3.92,Kartik Sharma,3.61
0.0,0.0,0.0,0.0,0.0,0.0,110.0,120.0,30.0,25.0,9.98,39.4,23.68,37.67,10.2,10.97,1.0,0.0,27.0,2,2.94,Kartik Tyagi,3.4
210.0,14.0,82.35,0.0,0.0,8.24,110.0,89.95,50.2,113.0,8.26,26.93,19.57,31.21,8.54,7.67,13.0,41.0,103.0,2,16.45,Kuldeep Yadav,16.8
36.0,5.14,73.47,0.0,0.0,6.12,110.0,80.0,57.14,85.0,8.27,24.51,17.79,38.49,10.52,7.05,8.0,13.0,73.0,2,12.55,L Balaji,12.07
0.0,0.0,0.0,0.0,0.0,0.0,110.0,120.0,30.0,40.0,8.62,18.68,13.0,39.42,9.4,7.99,7.0,0.0,22.0,2,7.08,L Ngidi,7.11
34.0,11.33,100.0,0.0,0.0,20.59,100.0,120.0,67.65,0.0,10.5,50.0,40.0,30.0,11.0,9.0,0.0,5.0,0.0,0,2.91,L Ronchi,3.02
81.0,27.0,122.73,0.0,0.0,16.67,110.26,180.0,40.91,0.0,10.5,50.0,40.0,30.0,11.0,9.0,0.0,5.0,0.0,0,3.91,LA Carseldine,4.1
302.0,27.45,124.28,0.0,1.0,15.64,133.33,173.53,41.98,0.0,10.5,50.0,40.0,30.0,11.0,9.0,0.0,16.0,0.0,0,3.95,LA Pomersbach,4.07
0.0,0.0,0.0,0.0,0.0,0.0,110.0,120.0,30.0,4.0,9.12,57.0,37.5,28.0,8.43,10.78,1.0,0.0,7.0,0,1.86,LE Plunkett,1.83
72.0,18.0,156.52,0.0,0.0,19.57,110.0,168.29,26.09,63.0,9.15,25.63,16.81,39.47,10.98,8.77,8.0,8.0,50.0,2,12.62,LH Ferguson,12.31
106.0,26.5,179.66,0.0,0.0,32.2,100.0,240.0,32.2,2.0,10.56,62.5,35.5,21.13,19.2,12.0,0.0,5.0,6.0,0,5.4,LJ Wright,5.1
1079.0,39.96,127.24,1.0,11.0,18.04,118.47,128.0,43.87,0.0,10.5,50.0,40.0,30.0,11.0,9.0,0.0,29.0,0.0,1,5.92,LMP Simmons,6.41
405.0,13.97,115.71,0.0,0.0,14.0,58.33,144.27,41.14,17.0,8.75,26.94,18.47,37.26,9.69,9.63,2.0,33.0,27.0,0,6.72,LR Shukla,6.65
1017.0,24.8,124.33,0.0,3.0,13.69,126.45,165.93,37.53,0.0,10.5,50.0,40.0,30.0,11.0,9.0,0.0,54.0,0.0,1,4.61,LRPL Taylor,4.92
1066.0,26.0,155.17,0.0,7.0,21.25,130.32,219.01,36.24,13.0,9.06,36.23,24.0,26.28,7.0,6.8,1.0,49.0,27.0,1,8.79,LS Livingstone,8.51
305.0,20.33,107.02,0.0,0.0,11.93,70.45,125.0,40.7,11.0,8.96,39.09,26.18,29.86,11.0,9.28,0.0,21.0,19.0,0,5.01,Lalit Yadav,5.21
35.0,4.38,70.0,0.0,0.0,6.0,110.0,87.5,54.0,35.0,8.15,33.77,24.86,34.25,7.92,7.65,2.0,12.0,44.0,2,6.51,M Ashwin,6.82
151.0,11.62,104.86,0.0,0.0,10.42,100.0,103.88,41.67,43.0,9.4,33.53,21.4,40.65,10.57,9.07,3.0,22.0,42.0,2,7.72,M Jansen,8.02
259.0,16.19,104.02,0.0,0.0,11.24,69.39,116.13,44.58,0.0,10.5,50.0,40.0,30.0,11.0,9.0,0.0,22.0,0.0,0,3.33,M Kaif,3.3
113.0,16.14,105.61,0.0,0.0,7.48,110.0,102.94,28.97,39.0,7.4,36.36,29.46,35.25,8.32,6.68,1.0,14.0,55.0,2,8.2,M Kartik,8.17
73.0,18.25,97.33,0.0,0.0,12.0,96.61,120.0,45.33,0.0,10.5,50.0,40.0,30.0,11.0,9.0,0.0,4.0,0.0,0,2.96,M Klinger,2.93
514.0,21.42,109.36,0.0,0.0,11.28,86.11,136.91,38.51,0.0,10.5,50.0,40.0,30.0,11.0,9.0,0.0,38.0,0.0,1,3.47,M Manhas,4.41
48.0,16.0,114.29,0.0,0.0,14.29,110.0,128.57,42.86,37.0,9.24,31.27,20.3,29.83,9.2,8.27,3.0,10.0,40.0,2,8.52,M Markande,8.47
126.0,11.45,141.57,0.0,0.0,17.98,110.0,154.67,35.96,88.0,7.87,24.27,18.51,45.3,9.48,7.4,8.0,20.0,70.0,2,14.53,M Morkel,14.47
0.0,0.0,0.0,0.0,0.0,0.0,110.0,120.0,30.0,67.0,6.93,26.34,22.81,42.08,8.75,6.23,5.0,0.0,66.0,2,9.76,M Muralitharan,9.75
0.0,0.0,0.0,0.0,0.0,0.0,110.0,120.0,30.0,8.0,7.34,32.12,26.25,51.43,9.6,7.0,1.0,0.0,9.0,0,3.11,M Ntini,2.96
0.0,0.0,0.0,0.0,0.0,0.0,110.0,120.0,30.0,53.0,8.55,19.75,13.87,39.86,9.11,9.0,7.0,0.0,32.0,2,8.12,M Pathirana,8.08
0.0,0.0,0.0,0.0,0.0,0.0,110.0,120.0,30.0,94.0,9.0,26.77,17.85,42.25,11.04,8.3,10.0,0.0,73.0,2,12.5,M Prasidh Krishna,11.44
55.0,11.0,79.71,0.0,0.0,7.25,0.0,94.59,47.83,0.0,10.5,50.0,40.0,30.0,11.0,9.0,0.0,11.0,0.0,0,2.6,M Rawat,2.47
767.0,23.97,147.22,0.0,2.0,19.19,112.12,171.84,35.89,0.0,10.5,50.0,40.0,30.0,11.0,9.0,0.0,52.0,0.0,1,5.12,M Shahrukh Khan,4.93
0.0,0.0,0.0,0.0,0.0,0.0,110.0,120.0,30.0,7.0,8.6,34.0,23.71,35.54,12.63,7.78,0.0,0.0,8.0,0,2.51,M Siddharth,2.37
17.0,5.67,50.0,0.0,0.0,2.94,110.0,68.18,64.71,36.0,8.22,34.06,24.86,32.63,8.54,8.56,2.0,6.0,38.0,2,6.44,M Theekshana,6.49
2619.0,27.28,121.93,2.0,13.0,15.74,113.01,168.18,43.16,0.0,10.5,50.0,40.0,30.0,11.0,9.0,0.0,105.0,0.0,1,7.45,M Vijay,7.24
1083.0,22.56,130.8,0.0,3.0,17.75,124.75,200.0,43.24,0.0,10.5,50.0,40.0,30.0,11.0,9.0,0.0,51.0,0.0,1,4.76,M Vohra,4.88
0.0,0.0,0.0,0.0,0.0,0.0,110.0,120.0,30.0,6.0,9.5,28.5,18.0,37.96,12.0,8.2,1.0,0.0,5.0,0,2.07,M de Lange,1.93
2764.0,23.42,134.5,1.0,13.0,18.25,122.57,214.44,37.42,0.0,10.5,50.0,40.0,30.0,11.0,9.0,0.0,125.0,0.0,1,7.21,MA Agarwal,7.45
111.0,11.1,92.5,0.0,0.0,9.17,110.0,88.31,42.5,78.0,8.86,20.36,13.79,42.75,9.28,8.96,12.0,21.0,50.0,2,13.18,MA Starc,12.52
0.0,0.0,0.0,0.0,0.0,0.0,110.0,120.0,30.0,11.0,9.6,17.45,10.91,45.0,13.14,8.2,2.0,0.0,5.0,0,3.0,MA Wood,2.88
1000.0,26.32,127.39,0.0,5.0,14.65,123.76,175.76,34.27,46.0,8.22,28.3,20.65,33.16,10.36,7.59,3.0,54.0,60.0,3,10.79,MC Henriques,11.27
125.0,17.86,97.66,0.0,0.0,9.38,96.3,55.56,37.5,0.0,10.5,50.0,40.0,30.0,11.0,9.0,0.0,7.0,0.0,0,3.61,MC Juneja,3.22
156.0,31.2,143.12,0.0,1.0,19.27,110.0,150.7,40.37,0.0,10.5,50.0,40.0,30.0,11.0,9.0,0.0,8.0,0.0,0,4.04,MD Choudhary,4.39
237.0,15.8,115.05,0.0,0.0,15.53,108.27,153.33,47.09,0.0,10.5,50.0,40.0,30.0,11.0,9.0,0.0,17.0,0.0,0,3.03,MD Mishra,3.4
1977.0,38.02,122.8,1.0,15.0,15.53,105.78,188.51,37.64,0.0,10.5,50.0,40.0,30.0,11.0,9.0,0.0,58.0,0.0,1,7.59,MEK Hussey,7.56
177.0,17.7,143.9,0.0,0.0,17.07,50.0,171.62,34.96,33.0,7.6,16.12,12.73,42.14,9.79,7.55,5.0,14.0,20.0,2,9.8,MF Maharoof,9.32
58.0,29.0,123.4,0.0,0.0,14.89,66.67,100.0,31.91,6.0,8.64,15.83,11.0,39.39,11.0,5.4,0.0,4.0,5.0,0,5.28,MG Bracewell,5.53
167.0,11.93,102.45,0.0,0.0,10.43,110.0,108.76,46.63,66.0,8.45,26.36,18.71,45.1,9.69,8.02,3.0,28.0,54.0,2,10.82,MG Johnson,10.34
98.0,19.6,104.26,0.0,0.0,12.77,107.89,120.0,43.62,3.0,6.55,24.0,22.0,36.36,11.0,6.0,0.0,6.0,5.0,0,4.76,MJ Clarke,4.74
271.0,22.58,138.27,0.0,1.0,19.9,138.46,120.0,44.9,0.0,10.5,50.0,40.0,30.0,11.0,9.0,0.0,13.0,0.0,0,3.74,MJ Guptill,3.97
0.0,0.0,0.0,0.0,0.0,0.0,110.0,120.0,30.0,5.0,11.56,62.8,32.6,26.99,10.0,10.95,0.0,0.0,9.0,0,1.27,MJ Henry,1.22
278.0,27.8,145.55,0.0,1.0,26.7,147.62,120.0,46.6,0.0,10.5,50.0,40.0,30.0,11.0,9.0,0.0,12.0,0.0,0,4.24,MJ Lumb,4.4
85.0,7.73,123.19,0.0,0.0,17.39,0.0,119.57,52.17,75.0,8.66,24.52,16.99,41.92,10.18,8.04,9.0,19.0,56.0,2,13.26,MJ McClenaghan,11.7
136.0,17.0,108.8,0.0,0.0,12.0,83.33,127.27,42.4,31.0,7.46,28.06,22.58,37.29,8.8,8.27,1.0,21.0,35.0,2,7.56,MJ Santner,7.62
527.0,18.17,141.67,0.0,1.0,16.94,80.85,138.53,32.26,2.0,8.47,63.5,45.0,24.44,11.0,7.25,0.0,35.0,11.0,1,4.43,MK Lomror,4.65
3951.0,29.49,121.91,1.0,22.0,14.07,111.87,159.89,35.88,0.0,10.5,50.0,40.0,30.0,11.0,9.0,0.0,160.0,0.0,1,8.17,MK Pandey,8.07
1695.0,28.25,117.38,0.0,7.0,13.57,95.72,155.11,36.7,0.0,10.5,50.0,40.0,30.0,11.0,9.0,0.0,83.0,0.0,1,5.31,MK Tiwary,5.48
1107.0,41.0,138.55,0.0,8.0,20.65,133.2,200.0,41.55,0.0,10.5,50.0,40.0,30.0,11.0,9.0,0.0,32.0,0.0,1,5.88,ML Hayden,6.15
1167.0,23.34,139.93,0.0,6.0,19.42,122.08,176.52,39.33,46.0,7.25,22.52,18.63,35.59,6.6,5.5,4.0,59.0,57.0,3,12.4,MM Ali,12.34
39.0,7.8,95.12,0.0,0.0,12.2,110.0,105.41,43.9,82.0,7.67,21.13,16.52,45.17,11.04,6.91,9.0,12.0,63.0,2,13.14,MM Patel,13.12
125.0,7.35,91.91,0.0,0.0,9.56,110.0,97.37,49.26,149.0,8.78,23.74,16.21,35.06,10.38,8.03,19.0,30.0,119.0,2,20.7,MM Sharma,20.57
161.0,13.42,93.6,0.0,0.0,9.3,37.84,158.33,48.84,10.0,7.99,28.5,21.4,37.38,11.35,6.23,1.0,14.0,11.0,0,4.74,MN Samuels,4.53
167.0,55.67,127.48,0.0,1.0,15.27,110.34,154.29,31.3,0.0,10.5,50.0,40.0,30.0,11.0,9.0,0.0,5.0,0.0,0,4.48,MN van Wyk,4.42
2136.0,28.48,147.11,1.0,10.0,19.42,118.18,190.83,34.3,46.0,9.93,32.72,19.76,29.81,13.27,8.31,4.0,104.0,73.0,3,12.6,MP Stoinis,12.63
0.0,0.0,0.0,0.0,0.0,0.0,110.0,120.0,30.0,10.0,9.7,24.4,15.1,47.68,11.43,11.18,2.0,0.0,7.0,0,2.12,MP Yadav,2.25
1504.0,27.85,138.36,1.0,10.0,19.14,144.17,155.45,39.56,37.0,8.6,21.7,15.14,33.75,12.49,7.71,3.0,57.0,34.0,3,10.86,MR Marsh,10.81
798.0,21.57,114.0,0.0,4.0,16.57,106.33,160.0,48.43,0.0,10.5,50.0,40.0,30.0,11.0,9.0,0.0,39.0,0.0,1,4.11,MS Bisla,4.49
5439.0,34.42,137.91,0.0,24.0,16.2,76.6,187.23,33.87,0.0,10.5,50.0,40.0,30.0,11.0,9.0,0.0,241.0,0.0,1,9.19,MS Dhoni,9.23
99.0,11.0,141.43,0.0,0.0,20.0,110.0,164.58,47.14,39.0,8.9,33.77,22.77,41.22,11.69,8.79,3.0,15.0,44.0,2,8.79,MS Gony,8.71
183.0,14.08,103.39,0.0,0.0,14.12,110.81,120.0,48.02,0.0,10.5,50.0,40.0,30.0,11.0,9.0,0.0,14.0,0.0,0,3.66,MS Wade,3.27
394.0,26.27,128.34,0.0,1.0,14.66,93.1,165.74,34.85,0.0,10.5,50.0,40.0,30.0,11.0,9.0,0.0,23.0,0.0,0,4.48,MV Boucher,4.18
153.0,19.12,116.79,0.0,0.0,16.79,123.16,0.0,45.8,0.0,10.5,50.0,40.0,30.0,11.0,9.0,0.0,8.0,0.0,0,3.29,MW Short,3.34
1706.0,20.31,123.18,0.0,6.0,15.45,115.21,160.59,37.76,0.0,10.5,50.0,40.0,30.0,11.0,9.0,0.0,97.0,0.0,1,5.02,Mandeep Singh,4.98
0.0,0.0,0.0,0.0,0.0,0.0,110.0,120.0,30.0,2.0,8.98,102.5,68.5,32.12,12.0,11.5,0.0,0.0,8.0,0,0.83,Mayank Dagar,1.35
117.0,13.0,144.44,0.0,0.0,19.75,131.82,266.67,37.04,0.0,10.5,50.0,40.0,30.0,11.0,9.0,0.0,8.0,0.0,0,4.53,Misbah-ul-Haq,4.31
0.0,0.0,0.0,0.0,0.0,0.0,110.0,120.0,30.0,9.0,9.59,34.11,21.33,36.98,11.38,9.8,0.0,0.0,8.0,0,1.91,Mohammad Asif,2.07
64.0,8.0,77.11,0.0,0.0,10.84,75.68,125.0,60.24,2.0,7.1,35.5,30.0,41.67,11.0,8.0,0.0,8.0,4.0,0,3.93,Mohammad Hafeez,3.69
221.0,13.0,146.36,0.0,0.0,19.87,164.71,147.3,36.42,15.0,7.58,35.13,27.8,36.69,10.0,6.45,1.0,19.0,23.0,0,6.37,Mohammad Nabi,6.56
115.0,6.39,102.68,0.0,0.0,12.5,110.0,104.26,49.11,157.0,8.69,26.05,17.98,42.79,11.05,7.78,15.0,33.0,127.0,2,21.0,Mohammed Shami,20.36
112.0,10.18,88.89,0.0,0.0,11.11,110.0,91.15,55.56,121.0,8.79,30.33,20.7,44.75,10.33,8.21,11.0,22.0,116.0,2,17.25,Mohammed Siraj,17.75
0.0,0.0,0.0,0.0,0.0,0.0,110.0,120.0,30.0,36.0,8.28,22.39,16.22,45.03,10.08,8.0,4.0,0.0,27.0,2,5.99,Mohsin Khan,5.89
0.0,0.0,0.0,0.0,0.0,0.0,110.0,120.0,30.0,21.0,8.4,29.81,21.29,35.12,11.88,7.97,1.0,0.0,20.0,2,3.72,Mujeeb Ur Rahman,4.09
0.0,0.0,0.0,0.0,0.0,0.0,110.0,120.0,30.0,20.0,9.76,28.8,17.7,42.94,13.18,9.02,3.0,0.0,18.0,2,3.87,Mukesh Choudhary,3.98
0.0,0.0,0.0,0.0,0.0,0.0,110.0,120.0,30.0,51.0,10.26,27.39,16.02,36.72,12.12,9.27,5.0,0.0,39.0,2,6.45,Mukesh Kumar,6.63
0.0,0.0,0.0,0.0,0.0,0.0,110.0,120.0,30.0,74.0,8.26,25.39,18.45,37.51,9.67,7.22,10.0,0.0,60.0,2,10.7,Mustafizur Rahman,10.43
0.0,0.0,0.0,0.0,0.0,0.0,110.0,120.0,30.0,16.0,9.72,29.25,18.06,47.75,8.3,10.04,0.0,0.0,14.0,0,3.32,N Burger,2.99
162.0,18.0,110.2,0.0,0.0,15.65,104.0,81.82,44.22,0.0,10.5,50.0,40.0,30.0,11.0,9.0,0.0,10.0,0.0,0,3.24,N Jagadeesan,3.44
2375.0,31.25,159.61,0.0,14.0,22.45,138.65,173.04,36.63,0.0,10.5,50.0,40.0,30.0,11.0,9.0,0.0,94.0,0.0,1,6.98,N Pooran,7.32
3022.0,27.47,137.05,0.0,22.0,19.55,113.26,188.76,39.95,11.0,8.97,29.64,19.82,31.19,7.04,9.55,0.0,118.0,27.0,1,10.33,N Rana,10.46
140.0,12.73,100.0,0.0,1.0,11.43,94.68,100.0,46.43,0.0,10.5,50.0,40.0,30.0,11.0,9.0,0.0,10.0,0.0,0,3.09,N Saini,2.89
0.0,0.0,0.0,0.0,0.0,0.0,110.0,120.0,30.0,9.0,9.53,32.11,20.22,34.62,10.47,9.22,2.0,0.0,8.0,0,3.15,N Thushara,2.79
784.0,25.29,138.52,0.0,4.0,18.9,115.25,152.0,38.34,0.0,10.5,50.0,40.0,30.0,11.0,9.0,0.0,36.0,0.0,1,5.22,N Wadhera,4.85
121.0,24.2,101.68,0.0,1.0,12.61,78.79,172.22,47.06,0.0,10.5,50.0,40.0,30.0,11.0,9.0,0.0,6.0,0.0,0,4.45,NK Patel,3.86
424.0,17.67,138.56,0.0,0.0,16.01,137.5,166.67,36.6,37.0,8.86,27.86,18.86,34.1,11.49,7.28,5.0,30.0,36.0,2,8.67,NLTC Perera,8.81
82.0,8.2,113.89,0.0,0.0,15.28,110.0,128.3,50.0,52.0,7.88,21.63,16.48,45.16,9.56,7.24,8.0,16.0,38.0,2,11.15,NM Coulter-Nile,11.09
31.0,7.75,62.0,0.0,0.0,4.0,43.75,68.75,56.0,0.0,10.5,50.0,40.0,30.0,11.0,9.0,0.0,4.0,0.0,0,1.91,NS Naik,1.96
0.0,0.0,0.0,0.0,0.0,0.0,110.0,120.0,30.0,20.0,8.75,27.65,18.95,32.98,11.42,6.74,2.0,0.0,17.0,2,4.52,NT Ellis,4.42
1554.0,21.0,118.81,0.0,6.0,15.29,99.63,144.24,45.8,0.0,10.5,50.0,40.0,30.0,11.0,9.0,0.0,94.0,0.0,1,4.52,NV Ojha,4.7
546.0,27.3,168.52,0.0,2.0,25.0,151.14,192.42,31.17,0.0,10.5,50.0,40.0,30.0,11.0,9.0,0.0,26.0,0.0,1,5.06,Naman Dhir,5.29
33.0,8.25,89.19,0.0,0.0,8.11,0.0,112.5,43.24,26.0,9.0,38.69,25.81,43.37,9.51,8.6,1.0,7.0,32.0,2,5.66,Navdeep Saini,5.58
0.0,0.0,0.0,0.0,0.0,0.0,110.0,120.0,30.0,26.0,9.31,23.15,14.92,36.34,10.32,9.67,4.0,0.0,17.0,2,3.85,Naveen-ul-Haq,4.29
657.0,27.38,137.45,0.0,3.0,16.53,89.0,182.14,34.94,13.0,10.32,34.92,20.31,31.44,13.3,10.16,1.0,29.0,20.0,1,5.99,Nithish Kumar Reddy,6.25
30.0,3.0,55.56,0.0,0.0,5.56,110.0,71.05,68.52,56.0,8.24,24.2,17.62,35.76,8.58,8.5,6.0,14.0,45.0,2,8.97,Noor Ahmad,8.8
0.0,0.0,0.0,0.0,0.0,0.0,110.0,120.0,30.0,5.0,8.5,17.0,12.0,36.67,9.0,9.67,0.0,0.0,4.0,0,2.56,O Thomas,2.49
506.0,38.92,130.41,0.0,4.0,14.69,107.14,151.88,34.28,0.0,10.5,50.0,40.0,30.0,11.0,9.0,0.0,22.0,0.0,1,4.91,OA Shah,5.03
0.0,0.0,0.0,0.0,0.0,0.0,110.0,120.0,30.0,11.0,9.44,23.18,14.73,31.48,8.95,6.0,1.0,0.0,8.0,0,3.62,OC McCoy,3.09
51.0,17.0,115.91,0.0,0.0,13.64,110.0,143.75,52.27,7.0,11.93,25.57,12.86,40.0,15.33,7.75,1.0,6.0,6.0,0,4.64,OF Smith,4.51
0.0,0.0,0.0,0.0,0.0,0.0,110.0,120.0,30.0,7.0,10.95,34.43,18.86,25.76,21.0,11.0,0.0,0.0,6.0,0,1.01,P Amarnath,1.19
0.0,0.0,0.0,0.0,0.0,0.0,110.0,120.0,30.0,43.0,8.4,24.33,17.37,41.1,11.22,8.17,4.0,0.0,33.0,2,6.02,P Awana,6.02
127.0,10.58,92.03,0.0,0.0,6.52,110.0,119.05,43.48,0.0,10.5,50.0,40.0,30.0,11.0,9.0,0.0,12.0,0.0,0,2.72,P Dogra,2.5
23.0,23.0,69.7,0.0,0.0,6.06,110.0,50.0,51.52,2.0,8.62,56.0,39.0,30.77,11.0,4.0,0.0,2.0,5.0,0,2.51,P Dubey,2.71
340.0,10.0,108.97,0.0,0.0,12.5,75.0,112.45,47.44,102.0,7.94,32.76,24.75,45.44,10.44,6.88,6.0,57.0,119.0,2,15.32,P Kumar,15.36
365.0,14.04,126.74,0.0,0.0,14.93,62.5,143.95,38.89,38.0,7.99,25.11,18.84,34.78,10.19,7.25,3.0,35.0,42.0,2,9.21,P Negi,9.03
147.0,21.0,145.54,0.0,0.0,23.76,156.98,120.0,38.61,0.0,10.5,50.0,40.0,30.0,11.0,9.0,0.0,7.0,0.0,0,3.95,P Nissanka,4.0
0.0,0.0,0.0,0.0,0.0,0.0,110.0,120.0,30.0,9.0,8.81,25.11,17.11,42.86,10.55,9.75,1.0,0.0,8.0,0,2.04,P Parameswaran,2.37
0.0,0.0,0.0,0.0,0.0,0.0,110.0,120.0,30.0,3.0,8.69,50.67,35.0,25.71,11.0,9.33,0.0,0.0,5.0,0,2.02,P Sahu,1.93
1701.0,29.33,155.34,1.0,12.0,24.29,151.78,172.5,38.81,0.0,10.5,50.0,40.0,30.0,11.0,9.0,0.0,59.0,0.0,1,7.11,P Simran Singh,7.24
0.0,0.0,0.0,0.0,0.0,0.0,110.0,120.0,30.0,2.0,9.62,77.0,48.0,40.62,12.5,10.0,0.0,0.0,5.0,0,1.67,P Suyal,1.16
2848.0,22.43,121.19,0.0,13.0,17.62,121.27,140.0,42.26,0.0,10.5,50.0,40.0,30.0,11.0,9.0,0.0,136.0,0.0,1,5.66,PA Patel,5.66
164.0,16.4,102.5,0.0,0.0,10.62,96.49,300.0,40.62,0.0,10.5,50.0,40.0,30.0,11.0,9.0,0.0,10.0,0.0,0,3.67,PA Reddy,3.68
277.0,23.08,145.79,0.0,1.0,19.47,158.11,50.0,36.84,0.0,10.5,50.0,40.0,30.0,11.0,9.0,0.0,13.0,0.0,0,4.09,PBB Rajapaksa,4.08
505.0,22.95,121.98,1.0,2.0,19.57,109.76,207.69,51.93,7.0,8.23,29.57,21.57,30.46,9.23,9.0,1.0,23.0,10.0,1,6.87,PC Valthaty,6.67
203.0,50.75,130.13,0.0,3.0,14.1,116.13,178.38,36.54,5.0,6.81,20.2,17.8,26.97,4.94,9.0,0.0,7.0,6.0,0,7.39,PD Collingwood,7.36
1258.0,33.11,172.57,0.0,12.0,28.12,168.92,218.18,36.63,0.0,10.5,50.0,40.0,30.0,11.0,9.0,0.0,40.0,0.0,1,7.41,PD Salt,7.28
92.0,23.0,127.78,0.0,0.0,12.5,55.56,100.0,34.72,0.0,10.5,50.0,40.0,30.0,11.0,9.0,0.0,5.0,0.0,0,2.96,PHKD Mendis,3.35
612.0,18.55,153.0,0.0,3.0,20.0,20.0,161.33,38.5,83.0,8.93,29.67,19.94,38.67,10.79,8.74,8.0,48.0,73.0,3,15.11,PJ Cummins,14.69
26.0,3.25,59.09,0.0,0.0,2.27,110.0,62.86,54.55,44.0,8.88,28.8,19.45,39.49,11.36,8.8,4.0,14.0,42.0,2,7.15,PJ Sangwan,7.0
273.0,14.37,114.71,0.0,1.0,10.5,98.31,183.33,36.13,0.0,10.5,50.0,40.0,30.0,11.0,9.0,0.0,19.0,0.0,0,3.77,PK Garg,3.52
97.0,32.33,134.72,0.0,1.0,20.83,117.5,140.0,40.28,0.0,10.5,50.0,40.0,30.0,11.0,9.0,0.0,5.0,0.0,0,4.63,PN Mankad,4.52
624.0,10.95,111.23,0.0,0.0,13.55,114.29,124.77,43.67,201.0,8.07,25.77,19.15,35.27,10.02,7.68,15.0,86.0,191.0,3,25.57,PP Chawla,25.69
0.0,0.0,0.0,0.0,0.0,0.0,110.0,120.0,30.0,6.0,11.01,24.17,13.17,45.57,9.23,12.3,1.0,0.0,3.0,0,1.53,PP Hinge,1.53
16.0,1.6,36.36,0.0,0.0,0.0,110.0,39.02,65.91,99.0,7.58,24.23,19.18,37.28,9.42,7.26,8.0,19.0,90.0,2,13.64,PP Ojha,13.35
1892.0,24.57,147.81,0.0,14.0,23.36,143.43,163.64,37.73,0.0,10.5,50.0,40.0,30.0,11.0,9.0,0.0,79.0,0.0,1,6.91,PP Shaw,6.63
92.0,11.5,102.22,0.0,0.0,12.22,97.3,118.75,48.89,0.0,10.5,50.0,40.0,30.0,11.0,9.0,0.0,9.0,0.0,0,2.58,PR Shah,2.93
49.0,49.0,136.11,0.0,0.0,22.22,110.0,75.0,36.11,0.0,10.5,50.0,40.0,30.0,11.0,9.0,0.0,2.0,0.0,0,5.07,PR Veer,4.89
18.0,18.0,47.37,0.0,0.0,2.63,110.0,42.86,60.53,28.0,7.87,30.93,23.57,32.58,12.5,7.82,2.0,6.0,33.0,2,5.54,PV Tambe,5.57
53.0,17.67,117.78,0.0,0.0,13.33,110.0,120.0,42.22,15.0,9.75,43.87,27.0,40.74,11.58,9.56,1.0,11.0,20.0,0,5.59,PVD Chameera,5.49
81.0,5.4,92.05,0.0,0.0,9.09,110.0,104.88,46.59,47.0,8.47,24.13,17.09,34.99,8.32,7.87,3.0,19.0,37.0,2,8.58,PWH de Silva,8.66
0.0,0.0,0.0,0.0,0.0,0.0,110.0,120.0,30.0,11.0,9.44,42.91,27.27,38.33,14.57,7.9,0.0,0.0,17.0,0,2.9,Pankaj Singh,2.12
0.0,0.0,0.0,0.0,0.0,0.0,110.0,120.0,30.0,4.0,8.27,68.25,49.5,31.31,11.0,8.23,0.0,0.0,11.0,0,2.45,Parvez Rasool,2.16
0.0,0.0,0.0,0.0,0.0,0.0,110.0,120.0,30.0,21.0,8.47,22.67,16.05,41.25,10.82,7.59,3.0,0.0,14.0,2,4.15,Prince Yadav,4.37
828.0,33.12,192.56,1.0,5.0,32.09,189.62,120.0,36.05,0.0,10.5,50.0,40.0,30.0,11.0,9.0,0.0,25.0,0.0,1,6.7,Priyansh Arya,6.7
3444.0,31.31,134.69,3.0,24.0,18.65,129.2,206.1,38.8,0.0,10.5,50.0,40.0,30.0,11.0,9.0,0.0,118.0,0.0,1,10.0,Q de Kock,10.72
833.0,13.44,118.32,0.0,1.0,13.21,102.38,134.5,36.51,205.0,7.28,27.91,22.99,35.35,9.06,6.93,10.0,93.0,217.0,3,26.32,R Ashwin,26.12
342.0,11.79,120.42,0.0,0.0,13.03,100.0,155.78,36.62,82.0,7.55,25.11,19.95,28.55,8.83,7.19,8.0,47.0,91.0,2,13.43,R Bhatia,13.66
210.0,21.0,112.3,0.0,0.0,13.37,110.0,138.61,44.92,27.0,8.36,34.15,24.52,32.93,11.11,8.14,0.0,22.0,36.0,2,6.89,R Dhawan,7.04
2174.0,28.23,115.76,0.0,11.0,15.81,106.81,179.78,41.53,0.0,10.5,50.0,40.0,30.0,11.0,9.0,0.0,82.0,0.0,1,6.42,R Dravid,6.04
159.0,19.88,92.98,0.0,1.0,8.77,73.91,117.02,40.35,14.0,9.46,39.86,25.29,36.16,11.25,8.61,1.0,13.0,18.0,0,4.13,R McLaren,4.05
1687.0,24.81,139.54,0.0,7.0,17.7,119.73,161.73,35.48,11.0,9.44,46.91,29.82,24.39,12.4,8.0,0.0,81.0,34.0,1,6.15,R Parag,6.6
486.0,20.25,140.06,0.0,1.0,19.02,115.38,188.06,42.36,0.0,10.5,50.0,40.0,30.0,11.0,9.0,0.0,28.0,0.0,0,3.65,R Powell,3.88
51.0,10.2,104.08,0.0,0.0,10.2,110.0,103.57,48.98,17.0,7.14,18.76,15.76,51.12,11.22,6.28,1.0,7.0,12.0,0,5.74,R Rampaul,5.71
413.0,25.81,142.91,0.0,2.0,19.38,136.19,266.67,34.26,0.0,10.5,50.0,40.0,30.0,11.0,9.0,0.0,18.0,0.0,0,5.43,R Ravindra,4.76
0.0,0.0,0.0,0.0,0.0,0.0,110.0,120.0,30.0,32.0,8.77,20.47,14.0,31.47,11.07,7.83,2.0,0.0,25.0,2,5.43,R Sai Kishore,5.32
270.0,16.88,117.39,0.0,0.0,12.17,0.0,144.44,37.83,6.0,10.06,38.83,23.17,22.3,18.46,4.0,0.0,24.0,14.0,0,3.94,R Sathish,4.11
66.0,6.0,88.0,0.0,0.0,10.67,110.0,80.6,61.33,42.0,7.11,26.19,22.1,37.07,9.15,6.58,1.0,19.0,44.0,2,8.58,R Sharma,8.29
224.0,22.4,200.0,0.0,1.0,30.36,110.0,238.57,31.25,15.0,12.14,39.4,19.47,30.48,14.7,7.8,2.0,16.0,22.0,0,6.71,R Shepherd,6.73
0.0,0.0,0.0,0.0,0.0,0.0,110.0,120.0,30.0,7.0,10.85,31.0,17.14,36.67,16.67,8.8,0.0,0.0,7.0,0,0.76,R Shukla,1.63
1161.0,22.76,135.47,0.0,1.0,17.39,92.86,171.0,36.17,36.0,7.95,31.03,23.42,32.03,6.46,6.53,4.0,82.0,52.0,3,10.74,R Tewatia,10.79
310.0,11.92,113.14,0.0,0.0,10.95,110.0,121.94,37.59,127.0,8.58,23.94,16.75,37.66,10.7,7.3,15.0,42.0,104.0,2,18.62,R Vinay Kumar,18.58
3392.0,27.14,130.06,0.0,5.0,14.15,104.79,159.37,31.83,185.0,7.74,29.11,22.58,33.06,9.2,7.32,18.0,200.0,232.0,3,27.86,RA Jadeja,27.63
2291.0,26.64,138.43,0.0,12.0,18.97,137.7,168.0,36.44,0.0,10.5,50.0,40.0,30.0,11.0,9.0,0.0,98.0,0.0,1,5.65,RA Tripathi,5.95
129.0,8.06,104.03,0.0,0.0,14.52,110.0,111.83,54.03,76.0,7.86,29.21,22.3,35.22,9.09,7.18,6.0,22.0,79.0,2,12.21,RD Chahar,12.27
2680.0,39.41,136.04,2.0,21.0,17.72,126.1,183.76,35.43,0.0,10.5,50.0,40.0,30.0,11.0,9.0,0.0,78.0,0.0,1,8.23,RD Gaikwad,8.29
525.0,29.17,147.89,0.0,4.0,23.94,149.61,50.0,44.23,0.0,10.5,50.0,40.0,30.0,11.0,9.0,0.0,19.0,0.0,1,5.14,RD Rickelton,5.2
83.0,13.83,113.7,0.0,1.0,19.18,115.62,120.0,54.79,0.0,10.5,50.0,40.0,30.0,11.0,9.0,0.0,6.0,0.0,0,3.62,RE Levi,3.42
159.0,14.45,112.77,0.0,0.0,13.48,102.56,130.56,44.68,25.0,6.98,20.6,17.72,35.89,8.95,8.89,2.0,15.0,21.0,2,7.12,RE van der Merwe,7.3
7185.0,28.86,132.64,2.0,48.0,17.8,123.0,198.0,37.95,16.0,8.18,28.88,21.19,27.73,10.4,7.62,2.0,270.0,32.0,1,15.91,RG Sharma,15.32
0.0,0.0,0.0,0.0,0.0,0.0,110.0,120.0,30.0,2.0,9.65,55.5,34.5,37.68,10.8,9.6,0.0,0.0,3.0,0,0.9,RJ Gleeson,1.22
117.0,9.75,105.41,0.0,0.0,8.11,110.0,117.81,41.44,47.0,7.82,23.09,17.7,46.88,9.41,6.84,7.0,21.0,37.0,2,9.78,RJ Harris,9.71
32.0,10.67,106.67,0.0,0.0,13.33,110.0,120.0,43.33,0.0,10.5,50.0,40.0,30.0,11.0,9.0,0.0,5.0,0.0,0,3.33,RJ Peterson,3.37
103.0,14.71,100.98,0.0,1.0,14.71,89.47,120.0,52.94,0.0,10.5,50.0,40.0,30.0,11.0,9.0,0.0,7.0,0.0,0,2.77,RJ Quiney,2.88
0.0,0.0,0.0,0.0,0.0,0.0,110.0,120.0,30.0,5.0,11.1,44.4,24.0,36.67,14.25,8.73,0.0,0.0,6.0,0,1.29,RJW Topley,0.99
1318.0,32.15,143.26,0.0,6.0,18.7,127.27,191.96,33.8,0.0,10.5,50.0,40.0,30.0,11.0,9.0,0.0,58.0,0.0,1,5.49,RK Singh,5.47
1349.0,32.12,158.52,1.0,11.0,21.03,119.55,162.07,31.73,0.0,10.5,50.0,40.0,30.0,11.0,9.0,0.0,45.0,0.0,1,6.5,RM Patidar,6.68
326.0,19.18,138.72,0.0,1.0,17.45,85.71,173.87,32.77,3.0,7.23,31.33,26.0,28.21,12.0,9.0,0.0,21.0,10.0,0,5.31,RN ten Doeschate,5.31
0.0,0.0,0.0,0.0,0.0,0.0,110.0,120.0,30.0,21.0,9.6,29.57,18.48,40.21,12.0,8.42,1.0,0.0,18.0,2,2.88,RP Meredith,3.52
52.0,3.47,68.42,0.0,0.0,3.95,110.0,75.76,51.32,100.0,8.17,24.17,17.75,44.51,9.55,7.38,12.0,28.0,82.0,2,14.33,RP Singh,14.34
3756.0,33.24,146.32,2.0,20.0,20.06,119.41,203.87,34.44,0.0,10.5,50.0,40.0,30.0,11.0,9.0,0.0,131.0,0.0,1,8.77,RR Pant,8.93
67.0,22.33,104.69,0.0,0.0,10.94,110.0,120.75,42.19,15.0,7.58,35.87,28.4,40.85,10.0,7.27,0.0,9.0,26.0,0,6.46,RR Powar,6.3
0.0,0.0,0.0,0.0,0.0,0.0,110.0,120.0,30.0,7.0,9.24,30.57,19.86,29.5,12.21,11.33,0.0,0.0,10.0,0,1.79,RR Raje,1.81
473.0,22.52,154.58,0.0,2.0,22.88,130.43,215.38,37.58,0.0,10.5,50.0,40.0,30.0,11.0,9.0,0.0,22.0,0.0,0,4.84,RR Rossouw,4.69
73.0,24.33,97.33,0.0,0.0,9.33,106.38,120.0,41.33,0.0,10.5,50.0,40.0,30.0,11.0,9.0,0.0,4.0,0.0,0,3.08,RR Sarwan,3.08
531.0,27.95,117.22,0.0,3.0,12.14,94.44,161.54,35.32,13.0,8.77,23.15,15.85,32.04,10.17,8.0,1.0,22.0,14.0,1,6.4,RS Bopara,6.37
91.0,11.38,71.09,0.0,0.0,5.47,67.05,120.0,53.12,0.0,10.5,50.0,40.0,30.0,11.0,9.0,0.0,9.0,0.0,0,2.13,RT Ponting,2.17
50.0,7.14,98.04,0.0,0.0,11.76,0.0,125.71,49.02,6.0,8.12,21.67,16.0,39.58,20.0,4.0,0.0,9.0,9.0,0,4.38,RV Gomez,4.3
80.0,16.0,109.59,0.0,0.0,10.96,110.0,132.43,35.62,0.0,10.5,50.0,40.0,30.0,11.0,9.0,0.0,7.0,0.0,0,3.4,RV Patel,3.4
4954.0,27.22,130.92,0.0,27.0,17.52,123.26,177.35,38.69,0.0,10.5,50.0,40.0,30.0,11.0,9.0,0.0,197.0,0.0,1,8.97,RV Uthappa,9.19
363.0,21.35,134.44,0.0,2.0,20.74,127.88,120.0,49.63,0.0,10.5,50.0,40.0,30.0,11.0,9.0,0.0,18.0,0.0,0,3.97,Rahmanullah Gurbaz,3.96
299.0,18.69,145.15,0.0,0.0,17.48,80.0,186.36,34.47,7.0,9.34,13.57,8.71,31.15,8.07,9.0,1.0,26.0,6.0,0,6.11,Ramandeep Singh,6.22
613.0,13.62,157.58,0.0,1.0,21.85,110.0,165.89,39.85,174.0,7.31,23.71,19.47,37.58,8.59,7.15,18.0,69.0,144.0,3,25.11,Rashid Khan,25.15
40.0,8.0,100.0,0.0,0.0,12.5,110.0,142.11,47.5,17.0,9.95,32.29,19.47,32.33,10.12,8.95,3.0,6.0,18.0,0,4.9,Rasikh Salam,4.54
45.0,4.09,65.22,0.0,0.0,5.8,110.0,66.67,63.77,89.0,8.33,28.02,20.18,35.3,11.13,7.73,6.0,18.0,84.0,2,12.51,Ravi Bishnoi,12.24
136.0,17.0,121.43,0.0,1.0,14.29,106.45,158.54,40.18,0.0,10.5,50.0,40.0,30.0,11.0,9.0,0.0,12.0,0.0,0,4.34,S Anirudha,3.87
59.0,19.67,103.51,0.0,0.0,12.28,110.0,112.2,42.11,48.0,8.34,22.02,15.83,39.74,9.86,7.64,5.0,10.0,38.0,2,9.43,S Aravind,9.77
63.0,12.6,140.0,0.0,0.0,20.0,110.0,141.18,42.22,0.0,10.5,50.0,40.0,30.0,11.0,9.0,0.0,6.0,0.0,0,4.04,S Arora,3.95
0.0,0.0,0.0,0.0,0.0,0.0,110.0,120.0,30.0,11.0,7.65,29.91,23.45,44.19,11.0,7.68,1.0,0.0,12.0,0,3.23,S Badree,3.22
1441.0,30.02,119.29,0.0,11.0,15.07,82.17,163.68,37.91,0.0,10.5,50.0,40.0,30.0,11.0,9.0,0.0,65.0,0.0,1,6.92,S Badrinath,6.24
25.0,8.33,80.65,0.0,0.0,12.9,80.65,120.0,58.06,0.0,10.5,50.0,40.0,30.0,11.0,9.0,0.0,3.0,0.0,0,2.99,S Chanderpaul,2.68
6769.0,35.07,127.62,2.0,51.0,17.36,121.69,165.78,37.14,0.0,10.5,50.0,40.0,30.0,11.0,9.0,0.0,221.0,0.0,1,13.49,S Dhawan,12.86
2009.0,30.44,140.69,0.0,10.0,17.51,100.0,159.26,35.85,7.0,10.83,37.14,20.57,22.92,12.35,9.0,1.0,83.0,17.0,1,6.38,S Dube,6.34
180.0,13.85,106.51,0.0,0.0,12.43,42.86,135.23,39.64,53.0,8.22,25.62,18.7,32.9,7.58,7.33,5.0,22.0,51.0,2,9.7,S Gopal,9.89
20.0,6.67,55.56,0.0,0.0,2.78,110.0,58.06,63.89,63.0,8.79,28.13,19.19,33.91,9.26,9.2,5.0,9.0,55.0,2,9.45,S Kaul,8.47
0.0,0.0,0.0,0.0,0.0,0.0,110.0,120.0,30.0,6.0,8.94,50.67,34.0,35.29,16.67,8.75,1.0,0.0,10.0,0,1.54,S Kaushik,1.79
0.0,0.0,0.0,0.0,0.0,0.0,110.0,120.0,30.0,5.0,9.78,45.0,27.6,35.51,10.25,10.83,0.0,0.0,9.0,0,1.1,S Ladda,1.42
0.0,0.0,0.0,0.0,0.0,0.0,110.0,120.0,30.0,14.0,8.49,21.21,15.0,36.67,19.0,8.29,2.0,0.0,9.0,0,2.92,S Lamichhane,3.23
39.0,2.44,44.83,0.0,0.0,2.3,110.0,44.23,65.52,54.0,7.63,33.33,26.2,33.14,12.0,7.63,2.0,20.0,70.0,2,7.08,S Nadeem,9.6
0.0,0.0,0.0,0.0,0.0,0.0,110.0,120.0,30.0,6.0,11.49,33.83,17.67,35.85,16.5,9.08,1.0,0.0,6.0,0,2.14,S Narwal,1.7
91.0,18.2,115.19,0.0,0.0,12.66,87.5,148.78,40.51,0.0,10.5,50.0,40.0,30.0,11.0,9.0,0.0,8.0,0.0,0,3.73,S Rana,3.55
0.0,0.0,0.0,0.0,0.0,0.0,110.0,120.0,30.0,8.0,7.69,27.88,21.75,34.48,11.0,7.2,0.0,0.0,8.0,0,2.52,S Randiv,2.83
0.0,0.0,0.0,0.0,0.0,0.0,110.0,120.0,30.0,8.0,9.18,32.12,21.0,44.64,11.0,9.46,1.0,0.0,10.0,0,3.01,S Sandeep Warrier,2.54
368.0,20.44,127.34,0.0,2.0,17.99,128.45,44.44,47.06,0.0,10.5,50.0,40.0,30.0,11.0,9.0,0.0,20.0,0.0,0,3.91,S Sohal,3.65
34.0,11.33,61.82,0.0,0.0,10.91,110.0,62.96,74.55,43.0,8.33,28.4,20.47,47.27,12.0,7.65,2.0,12.0,44.0,2,6.98,S Sreesanth,7.13
31.0,15.5,86.11,0.0,0.0,8.33,116.67,120.0,44.44,0.0,10.5,50.0,40.0,30.0,11.0,9.0,0.0,2.0,0.0,0,3.2,S Sriram,2.89
0.0,0.0,0.0,0.0,0.0,0.0,110.0,120.0,30.0,6.0,8.73,50.67,34.83,47.37,17.45,8.38,0.0,0.0,14.0,0,2.07,S Tyagi,1.98
145.0,18.12,133.03,0.0,1.0,22.02,131.71,120.0,44.95,0.0,10.5,50.0,40.0,30.0,11.0,9.0,0.0,8.0,0.0,0,3.55,S Vidyut,3.88
423.0,22.26,125.52,0.0,2.0,19.58,128.21,120.0,44.21,0.0,10.5,50.0,40.0,30.0,11.0,9.0,0.0,19.0,0.0,0,4.01,SA Asnodkar,3.88
4468.0,34.37,148.09,2.0,30.0,21.31,135.1,195.47,34.14,0.0,10.5,50.0,40.0,30.0,11.0,9.0,0.0,158.0,0.0,1,10.4,SA Yadav,10.68
49.0,8.17,84.48,0.0,0.0,6.9,110.0,170.59,48.28,6.0,8.84,36.83,25.0,38.0,13.33,5.0,0.0,7.0,9.0,0,3.12,SB Bangar,3.15
189.0,27.0,173.39,0.0,0.0,24.77,233.33,198.53,28.44,0.0,10.5,50.0,40.0,30.0,11.0,9.0,0.0,13.0,0.0,0,5.47,SB Dubey,5.16
0.0,0.0,0.0,0.0,0.0,0.0,110.0,120.0,30.0,50.0,8.15,29.48,21.7,32.72,12.68,7.26,3.0,0.0,57.0,2,7.37,SB Jakati,7.03
131.0,18.71,99.24,0.0,0.0,9.85,73.91,116.67,38.64,9.0,7.72,30.89,24.0,39.35,10.14,6.09,1.0,10.0,11.0,0,4.55,SB Styris,4.79
0.0,0.0,0.0,0.0,0.0,0.0,110.0,120.0,30.0,5.0,8.65,29.4,20.4,49.02,13.5,8.0,1.0,0.0,8.0,0,2.43,SB Wagh,2.41
1349.0,24.98,107.32,0.0,7.0,14.24,97.7,175.38,47.26,12.0,8.04,30.83,23.0,29.71,25.0,8.17,2.0,56.0,20.0,1,6.82,SC Ganguly,6.84
99.0,14.14,112.5,0.0,0.0,13.64,58.33,126.67,39.77,0.0,10.5,50.0,40.0,30.0,11.0,9.0,0.0,8.0,0.0,0,2.98,SD Chitnis,3.09
183.0,22.88,150.0,0.0,0.0,19.67,138.57,100.0,36.89,0.0,10.5,50.0,40.0,30.0,11.0,9.0,0.0,9.0,0.0,0,3.75,SD Hope,4.0
0.0,0.0,0.0,0.0,0.0,0.0,110.0,120.0,30.0,9.0,7.26,25.0,20.67,40.86,9.67,6.33,0.0,0.0,8.0,0,2.7,SE Bond,3.04
2489.0,38.29,133.39,1.0,20.0,18.6,112.66,163.46,37.14,0.0,10.5,50.0,40.0,30.0,11.0,9.0,0.0,69.0,0.0,1,8.06,SE Marsh,8.15
500.0,22.73,135.87,0.0,1.0,17.93,26.32,148.47,42.39,0.0,10.5,50.0,40.0,30.0,11.0,9.0,0.0,26.0,0.0,1,3.9,SE Rutherford,4.34
0.0,0.0,0.0,0.0,0.0,0.0,110.0,120.0,30.0,5.0,10.26,57.8,33.8,39.05,9.07,10.21,0.0,0.0,9.0,0,1.84,SH Johnson,1.62
0.0,0.0,0.0,0.0,0.0,0.0,110.0,120.0,30.0,15.0,9.45,29.6,18.8,37.59,11.43,9.59,0.0,0.0,14.0,0,2.63,SJ Srivastava,2.65
5536.0,33.15,137.54,1.0,39.0,17.64,129.17,173.37,33.14,30.0,7.53,37.97,30.27,32.93,8.97,6.76,0.0,200.0,69.0,3,15.82,SK Raina,15.9
71.0,14.2,105.97,0.0,0.0,16.42,107.81,120.0,56.72,0.0,10.5,50.0,40.0,30.0,11.0,9.0,0.0,5.0,0.0,0,2.79,SK Rasheed,3.13
42.0,5.25,72.41,0.0,0.0,6.9,110.0,75.47,58.62,73.0,7.75,26.63,20.63,35.06,9.76,7.68,7.0,14.0,75.0,2,11.02,SK Trivedi,11.08
198.0,10.42,92.96,0.0,0.0,9.39,110.0,102.65,46.95,60.0,7.36,24.42,19.9,37.02,10.05,7.16,5.0,27.0,54.0,2,10.63,SK Warne,10.49
88.0,7.33,88.89,0.0,0.0,11.11,110.0,89.89,55.56,188.0,7.4,18.54,15.04,43.07,8.19,6.51,24.0,20.0,122.0,2,26.2,SL Malinga,26.47
997.0,24.32,136.39,0.0,6.0,17.24,110.06,186.8,35.02,63.0,9.84,32.68,19.92,33.15,11.39,8.37,7.0,53.0,63.0,3,12.77,SM Curran,12.79
0.0,0.0,0.0,0.0,0.0,0.0,110.0,120.0,30.0,3.0,7.4,24.67,20.0,56.67,8.67,2.33,0.0,0.0,3.0,0,2.79,SM Harwood,2.69
241.0,24.1,130.27,0.0,2.0,18.38,129.75,130.77,43.24,0.0,10.5,50.0,40.0,30.0,11.0,9.0,0.0,11.0,0.0,0,4.43,SM Katich,4.05
147.0,18.38,132.43,0.0,0.0,18.02,50.0,205.71,37.84,13.0,6.67,23.62,21.23,47.83,11.0,6.51,1.0,8.0,13.0,0,6.33,SM Pollock,6.48
0.0,0.0,0.0,0.0,0.0,0.0,110.0,120.0,30.0,9.0,6.59,23.44,21.33,39.06,7.5,5.29,0.0,0.0,8.0,0,3.78,SMSM Senanayake,3.76
746.0,20.72,137.13,0.0,2.0,19.49,137.78,184.83,35.66,0.0,10.5,50.0,40.0,30.0,11.0,9.0,0.0,43.0,0.0,1,4.4,SN Khan,4.69
339.0,12.11,132.42,0.0,1.0,17.19,0.0,139.42,37.5,121.0,9.52,28.71,18.1,35.71,11.02,9.28,10.0,42.0,107.0,2,17.53,SN Thakur,17.7
1560.0,26.9,147.73,0.0,5.0,18.37,105.63,178.65,34.38,0.0,10.5,50.0,40.0,30.0,11.0,9.0,0.0,84.0,0.0,1,5.23,SO Hetmyer,5.2
196.0,21.78,120.99,0.0,0.0,18.52,116.0,120.0,48.15,0.0,10.5,50.0,40.0,30.0,11.0,9.0,0.0,10.0,0.0,0,2.93,SP Fleming,3.47
293.0,14.65,100.0,0.0,1.0,11.95,97.3,78.57,44.71,0.0,10.5,50.0,40.0,30.0,11.0,9.0,0.0,21.0,0.0,0,2.36,SP Goswami,2.88
61.0,10.17,107.02,0.0,0.0,10.53,111.11,95.0,35.09,0.0,10.5,50.0,40.0,30.0,11.0,9.0,0.0,8.0,0.0,0,2.76,SP Jackson,3.06
1820.0,18.57,162.79,1.0,7.0,27.82,164.78,92.38,46.42,221.0,6.92,23.59,20.46,39.68,7.96,6.71,18.0,122.0,194.0,3,30.26,SP Narine,29.81
2495.0,31.99,129.21,1.0,11.0,14.81,120.71,173.67,31.18,0.0,10.5,50.0,40.0,30.0,11.0,9.0,0.0,93.0,0.0,1,6.34,SPD Smith,6.8
2334.0,32.87,120.25,1.0,13.0,16.74,114.85,169.23,39.82,0.0,10.5,50.0,40.0,30.0,11.0,9.0,0.0,78.0,0.0,1,7.08,SR Tendulkar,7.05
3880.0,31.04,138.52,4.0,21.0,20.24,115.16,187.9,41.56,107.0,8.11,25.63,18.96,41.89,10.35,7.19,12.0,141.0,105.0,3,23.02,SR Watson,22.98
0.0,0.0,0.0,0.0,0.0,0.0,110.0,120.0,30.0,6.0,8.85,29.5,20.0,49.17,16.0,7.71,0.0,0.0,6.0,0,2.02,SS Cottrell,2.14
4044.0,33.98,135.12,0.0,31.0,16.94,110.18,193.13,34.05,0.0,10.5,50.0,40.0,30.0,11.0,9.0,0.0,138.0,0.0,1,9.08,SS Iyer,8.87
126.0,14.0,120.0,0.0,0.0,14.29,87.5,121.05,45.71,0.0,10.5,50.0,40.0,30.0,11.0,9.0,0.0,10.0,0.0,0,3.02,SS Prabhudessai,3.26
1494.0,30.49,120.97,0.0,8.0,13.04,109.63,151.59,34.66,0.0,10.5,50.0,40.0,30.0,11.0,9.0,0.0,73.0,0.0,1,5.26,SS Tiwary,5.62
768.0,26.48,145.18,1.0,4.0,23.25,139.85,120.0,47.45,16.0,8.08,24.75,18.38,29.25,10.71,11.5,3.0,30.0,21.0,1,7.95,ST Jayasuriya,7.98
880.0,20.0,129.03,0.0,0.0,14.81,69.39,160.0,36.8,28.0,7.71,27.25,21.21,34.34,10.14,7.41,1.0,66.0,63.0,3,8.3,STR Binny,11.37
5008.0,31.9,140.83,5.0,26.0,18.17,127.86,195.83,34.39,0.0,10.5,50.0,40.0,30.0,11.0,9.0,0.0,179.0,0.0,1,11.79,SV Samson,11.69
503.0,19.35,130.65,0.0,3.0,15.58,125.64,165.22,36.1,0.0,10.5,50.0,40.0,30.0,11.0,9.0,0.0,27.0,0.0,1,4.08,SW Billings,4.56
0.0,0.0,0.0,0.0,0.0,0.0,110.0,120.0,30.0,26.0,8.47,25.69,18.19,46.93,8.67,8.12,4.0,0.0,21.0,2,5.63,SW Tait,5.27
144.0,14.4,125.22,0.0,0.0,13.91,0.0,184.78,38.26,0.0,10.5,50.0,40.0,30.0,11.0,9.0,0.0,11.0,0.0,0,3.23,Sachin Baby,3.49
0.0,0.0,0.0,0.0,0.0,0.0,110.0,120.0,30.0,7.0,8.32,21.0,15.14,40.57,7.33,7.71,1.0,0.0,4.0,0,3.41,Sakib Hussain,3.21
193.0,27.57,120.62,0.0,1.0,20.0,110.28,200.0,46.88,0.0,10.5,50.0,40.0,30.0,11.0,9.0,0.0,7.0,0.0,0,4.95,Salman Butt,4.65
381.0,29.31,139.56,0.0,3.0,19.05,56.25,186.27,40.29,0.0,10.5,50.0,40.0,30.0,11.0,9.0,0.0,16.0,0.0,0,3.87,Sameer Rizvi,4.28
60.0,12.0,80.0,0.0,0.0,5.33,110.0,80.0,41.33,169.0,8.16,25.54,18.78,39.95,10.71,7.11,17.0,26.0,141.0,2,21.63,Sandeep Sharma,22.18
560.0,18.67,121.21,0.0,1.0,11.9,80.56,156.85,34.63,22.0,9.71,44.05,27.23,27.55,8.28,9.9,2.0,39.0,46.0,3,7.59,Shahbaz Ahmed,7.59
81.0,10.12,176.09,0.0,0.0,28.26,226.32,220.0,43.48,9.0,7.9,26.33,20.0,36.11,7.0,7.0,1.0,9.0,10.0,0,7.4,Shahid Afridi,7.54
795.0,20.38,125.2,0.0,2.0,14.8,88.46,150.55,33.39,71.0,7.54,26.25,20.9,35.24,10.22,7.08,3.0,52.0,70.0,3,13.07,Shakib Al Hasan,12.98
843.0,42.15,156.4,0.0,5.0,20.22,137.14,197.03,29.5,4.0,8.95,22.75,15.25,26.23,15.5,9.0,0.0,38.0,6.0,1,6.46,Shashank Singh,6.5
51.0,5.67,91.07,0.0,0.0,10.71,110.0,102.13,53.57,33.0,8.86,29.03,19.67,41.14,11.41,8.13,1.0,11.0,32.0,2,6.39,Shivam Mavi,6.88
0.0,0.0,0.0,0.0,0.0,0.0,110.0,120.0,30.0,4.0,8.68,41.25,28.5,32.46,8.33,2.0,0.0,0.0,5.0,0,2.11,Shivam Sharma,2.15
0.0,0.0,0.0,0.0,0.0,0.0,110.0,120.0,30.0,7.0,9.47,30.0,19.0,29.32,11.0,9.0,1.0,0.0,7.0,0,2.54,Shivang Kumar,2.2
0.0,0.0,0.0,0.0,0.0,0.0,110.0,120.0,30.0,5.0,9.06,30.8,20.4,34.31,20.0,10.5,0.0,0.0,7.0,0,1.8,Shoaib Ahmed,1.77
52.0,13.0,113.04,0.0,0.0,10.87,116.67,50.0,30.43,0.0,10.5,50.0,40.0,30.0,11.0,9.0,0.0,5.0,0.0,0,3.03,Shoaib Malik,3.08
4196.0,40.35,138.71,4.0,29.0,17.69,130.55,157.21,31.7,0.0,10.5,50.0,40.0,30.0,11.0,9.0,0.0,121.0,0.0,1,10.82,Shubman Gill,10.9
182.0,26.0,133.82,0.0,1.0,14.71,129.41,125.93,38.24,3.0,10.31,48.67,28.33,27.06,11.0,14.0,0.0,9.0,7.0,0,4.01,Sikandar Raza,4.16
0.0,0.0,0.0,0.0,0.0,0.0,110.0,120.0,30.0,12.0,10.15,34.25,20.25,44.86,13.0,9.88,1.0,0.0,14.0,0,2.18,Simarjeet Singh,2.45
0.0,0.0,0.0,0.0,0.0,0.0,110.0,120.0,30.0,24.0,6.68,11.46,10.29,52.63,6.88,6.61,6.0,0.0,11.0,2,6.6,Sohail Tanvir,6.51
43.0,10.75,138.71,0.0,0.0,22.58,160.0,77.78,38.71,0.0,10.5,50.0,40.0,30.0,11.0,9.0,0.0,5.0,0.0,0,3.46,Sunny Singh,3.9
0.0,0.0,0.0,0.0,0.0,0.0,110.0,120.0,30.0,26.0,8.66,40.12,27.81,35.27,8.05,8.0,4.0,0.0,34.0,2,5.17,Suyash Sharma,5.24
51.0,10.2,113.33,0.0,0.0,13.33,110.0,136.84,44.44,7.0,8.93,34.43,23.14,24.07,11.0,8.54,0.0,9.0,14.0,0,5.07,Swapnil Singh,4.73
48.0,16.0,88.89,0.0,0.0,14.81,90.57,120.0,61.11,0.0,10.5,50.0,40.0,30.0,11.0,9.0,0.0,3.0,0.0,0,3.25,T Kohler-Cadmore,2.85
0.0,0.0,0.0,0.0,0.0,0.0,110.0,120.0,30.0,82.0,9.12,28.26,18.6,32.33,10.36,8.34,9.0,0.0,71.0,2,10.58,T Natarajan,10.79
0.0,0.0,0.0,0.0,0.0,0.0,110.0,120.0,30.0,3.0,9.25,61.67,40.0,26.67,15.0,8.0,0.0,0.0,5.0,0,1.66,T Shamsi,1.5
912.0,45.6,155.9,0.0,5.0,18.8,121.88,216.74,24.62,0.0,10.5,50.0,40.0,30.0,11.0,9.0,0.0,37.0,0.0,1,5.86,T Stubbs,5.89
0.0,0.0,0.0,0.0,0.0,0.0,110.0,120.0,30.0,10.0,7.29,16.4,13.5,44.44,11.54,5.73,1.0,0.0,6.0,0,2.34,T Thushara,2.84
86.0,9.56,102.38,0.0,0.0,9.52,110.0,102.99,44.05,152.0,8.52,25.76,18.14,42.64,10.72,7.43,13.0,24.0,122.0,2,19.58,TA Boult,19.95
120.0,10.91,113.21,0.0,0.0,11.32,110.0,135.06,42.45,57.0,8.83,31.12,21.16,39.39,10.85,8.11,8.0,19.0,54.0,2,9.84,TG Southee,9.98
1029.0,36.75,174.41,0.0,2.0,23.9,110.0,202.9,31.19,0.0,10.5,50.0,40.0,30.0,11.0,9.0,0.0,51.0,0.0,1,5.75,TH David,5.82
127.0,25.4,118.69,0.0,1.0,12.15,110.0,131.82,33.64,13.0,10.89,33.23,18.31,24.79,13.61,9.57,1.0,10.0,13.0,0,4.83,TK Curran,4.86
45.0,7.5,109.76,0.0,0.0,17.07,116.22,50.0,53.66,0.0,10.5,50.0,40.0,30.0,11.0,9.0,0.0,6.0,0.0,0,3.63,TL Seifert,3.36
676.0,22.53,117.98,0.0,2.0,14.14,102.5,131.51,42.06,7.0,7.92,28.29,21.43,29.33,12.0,7.0,0.0,39.0,11.0,1,5.42,TL Suman,5.32
1153.0,28.12,115.18,0.0,9.0,16.38,108.15,188.37,45.05,5.0,8.15,73.6,54.2,29.89,11.54,7.15,0.0,50.0,25.0,1,6.31,TM Dilshan,6.29
1332.0,32.49,161.45,1.0,8.0,25.58,169.57,195.83,36.73,0.0,10.5,50.0,40.0,30.0,11.0,9.0,0.0,45.0,0.0,1,7.17,TM Head,7.21
0.0,0.0,0.0,0.0,0.0,0.0,110.0,120.0,30.0,1.0,11.74,137.0,70.0,27.14,14.62,10.0,0.0,0.0,3.0,0,0.2,TP Sudhindra,0.47
75.0,15.0,131.58,0.0,0.0,19.3,20.0,182.14,43.86,0.0,10.5,50.0,40.0,30.0,11.0,9.0,0.0,5.0,0.0,0,4.04,TR Birt,3.89
0.0,0.0,0.0,0.0,0.0,0.0,110.0,120.0,30.0,11.0,10.02,31.73,19.0,35.89,10.75,8.83,1.0,0.0,10.0,0,2.71,TS Mills,2.64
53.0,17.67,155.88,0.0,0.0,17.65,110.0,155.88,35.29,59.0,9.97,30.0,18.05,38.59,11.59,8.9,6.0,9.0,50.0,2,10.41,TU Deshpande,10.39
24.0,24.0,77.42,0.0,0.0,9.68,76.0,120.0,54.84,0.0,10.5,50.0,40.0,30.0,11.0,9.0,0.0,1.0,0.0,0,3.18,Tanush Kotian,3.02
1680.0,38.18,145.2,1.0,8.0,18.58,123.4,196.32,31.89,0.0,10.5,50.0,40.0,30.0,11.0,9.0,0.0,58.0,0.0,1,6.78,Tilak Varma,6.61
300.0,15.0,100.33,0.0,1.0,13.71,94.8,87.5,51.84,0.0,10.5,50.0,40.0,30.0,11.0,9.0,0.0,20.0,0.0,0,2.93,UBT Chand,2.95
127.0,25.4,128.28,0.0,0.0,17.17,137.5,120.0,37.37,0.0,10.5,50.0,40.0,30.0,11.0,9.0,0.0,6.0,0.0,0,4.0,UT Khawaja,3.89
208.0,10.4,103.48,0.0,0.0,12.44,110.0,114.29,47.76,163.0,8.72,27.25,18.75,41.28,11.11,7.95,21.0,48.0,147.0,2,23.55,UT Yadav,22.57
0.0,0.0,0.0,0.0,0.0,0.0,110.0,120.0,30.0,14.0,8.8,14.14,9.64,43.7,11.38,6.43,2.0,0.0,6.0,0,3.43,Umar Gul,3.34
0.0,0.0,0.0,0.0,0.0,0.0,110.0,120.0,30.0,31.0,9.53,25.32,15.94,44.13,10.75,12.92,4.0,0.0,26.0,2,5.2,Umran Malik,4.76
72.0,18.0,194.59,0.0,0.0,32.43,176.92,120.0,40.54,0.0,10.5,50.0,40.0,30.0,11.0,9.0,0.0,4.0,0.0,0,4.55,Urvil Patel,4.68
9022.0,38.07,133.8,8.0,66.0,16.57,123.74,202.63,33.01,5.0,8.87,74.2,50.2,21.91,16.29,6.21,0.0,267.0,26.0,1,18.31,V Kohli,13.6
154.0,25.67,173.03,0.0,0.0,29.21,250.0,172.34,35.96,14.0,9.22,31.71,20.64,33.56,5.69,8.74,0.0,9.0,17.0,0,7.95,V Nigam,7.92
0.0,0.0,0.0,0.0,0.0,0.0,110.0,120.0,30.0,12.0,8.82,25.0,17.0,36.76,9.0,8.47,1.0,0.0,9.0,0,2.82,V Pratap Singh,3.06
0.0,0.0,0.0,0.0,0.0,0.0,110.0,120.0,30.0,6.0,8.96,18.17,12.17,34.25,11.08,9.0,1.0,0.0,5.0,0,2.31,V Puthur,2.46
2728.0,27.84,156.78,2.0,16.0,25.29,146.67,235.71,37.36,6.0,10.41,39.33,22.67,33.09,12.6,18.67,0.0,104.0,15.0,1,9.11,V Sehwag,8.95
1233.0,26.8,129.52,0.0,7.0,14.29,91.72,172.84,32.35,12.0,8.67,28.67,19.83,33.61,7.64,9.0,0.0,63.0,22.0,1,7.77,V Shankar,7.75
652.0,40.75,215.18,2.0,3.0,37.29,218.4,120.0,38.28,0.0,10.5,50.0,40.0,30.0,11.0,9.0,0.0,16.0,0.0,1,6.81,V Suryavanshi,7.0
0.0,0.0,0.0,0.0,0.0,0.0,110.0,120.0,30.0,1.0,9.0,90.0,60.0,31.67,11.0,5.5,0.0,0.0,3.0,0,1.7,V Viyaskanth,1.63
0.0,0.0,0.0,0.0,0.0,0.0,110.0,120.0,30.0,49.0,9.5,26.96,17.02,39.93,10.25,8.81,3.0,0.0,39.0,2,6.36,VG Arora,6.35
50.0,12.5,70.42,0.0,0.0,5.63,110.0,74.24,59.15,46.0,9.22,33.2,21.61,41.75,12.04,8.65,1.0,12.0,50.0,2,6.88,VR Aaron,7.01
1497.0,29.94,137.47,1.0,12.0,18.73,130.65,182.5,38.38,3.0,10.74,48.33,27.0,20.99,11.71,9.0,0.0,57.0,9.0,1,6.29,VR Iyer,7.03
0.0,0.0,0.0,0.0,0.0,0.0,110.0,120.0,30.0,16.0,9.15,34.31,22.5,33.61,9.24,9.67,2.0,0.0,18.0,0,3.29,VRV Singh,3.12
0.0,0.0,0.0,0.0,0.0,0.0,110.0,120.0,30.0,6.0,7.84,44.67,34.17,42.93,10.29,7.8,0.0,0.0,13.0,0,2.51,VS Malik,2.41
282.0,17.62,106.02,0.0,1.0,14.29,100.0,50.0,44.74,0.0,10.5,50.0,40.0,30.0,11.0,9.0,0.0,20.0,0.0,0,3.55,VVS Laxman,3.54
0.0,0.0,0.0,0.0,0.0,0.0,110.0,120.0,30.0,22.0,9.04,23.23,15.41,37.46,9.29,11.0,2.0,0.0,17.0,2,3.83,VY Mahesh,4.04
0.0,0.0,0.0,0.0,0.0,0.0,110.0,120.0,30.0,28.0,10.15,28.46,16.82,31.63,12.0,11.33,3.0,0.0,22.0,2,4.43,Vijaykumar Vyshak,4.32
56.0,9.33,100.0,0.0,0.0,10.71,47.62,150.0,46.43,0.0,10.5,50.0,40.0,30.0,11.0,9.0,0.0,6.0,0.0,0,3.44,Vishnu Vinod,3.18
69.0,69.0,146.81,0.0,1.0,23.4,111.54,120.0,34.04,0.0,10.5,50.0,40.0,30.0,11.0,9.0,0.0,1.0,0.0,0,5.28,Vivrant Sharma,4.95
130.0,18.57,107.44,0.0,1.0,14.05,86.46,120.0,46.28,0.0,10.5,50.0,40.0,30.0,11.0,9.0,0.0,8.0,0.0,0,4.07,W Jaffer,3.5
0.0,0.0,0.0,0.0,0.0,0.0,110.0,120.0,30.0,6.0,12.38,22.0,10.67,26.56,12.86,12.48,1.0,0.0,3.0,0,1.15,W O'Rourke,1.27
56.0,11.2,74.67,0.0,0.0,2.67,110.0,92.86,38.67,4.0,8.17,24.5,18.0,34.72,18.5,9.0,0.0,8.0,7.0,0,2.65,WA Mota,2.69
65.0,6.5,81.25,0.0,0.0,6.25,78.57,83.67,46.25,40.0,8.03,24.2,18.08,43.15,8.51,7.9,5.0,13.0,33.0,2,7.53,WD Parnell,7.69
463.0,28.94,152.81,1.0,2.0,22.11,144.44,100.0,36.63,8.0,9.21,27.62,18.0,34.03,10.29,10.53,0.0,19.0,13.0,0,7.04,WG Jacks,7.06
2934.0,24.86,127.79,1.0,13.0,16.68,128.72,156.94,37.67,0.0,10.5,50.0,40.0,30.0,11.0,9.0,0.0,143.0,0.0,1,7.17,WP Saha,7.0
81.0,11.57,112.5,0.0,0.0,6.94,110.0,114.58,33.33,22.0,7.74,16.55,12.82,47.52,12.0,6.39,3.0,11.0,13.0,2,6.46,WPUJC Vaas,6.44
668.0,18.05,128.21,0.0,1.0,15.36,117.65,153.27,34.17,42.0,7.8,35.67,27.43,34.03,11.48,8.08,4.0,51.0,66.0,3,10.06,Washington Sundar,10.31
0.0,0.0,0.0,0.0,0.0,0.0,110.0,120.0,30.0,7.0,10.7,56.29,31.57,33.03,9.86,10.58,0.0,0.0,11.0,0,1.15,XC Bartlett,1.31
285.0,19.0,110.04,0.0,0.0,11.2,45.45,144.66,39.0,4.0,11.36,31.25,16.5,24.24,11.0,10.0,0.0,20.0,8.0,0,4.65,Y Nagar,4.22
985.0,23.45,118.39,0.0,3.0,13.7,82.64,157.87,38.94,7.0,9.39,48.29,30.86,27.78,14.0,9.57,0.0,52.0,20.0,1,5.13,Y Venugopal Rao,5.45
0.0,0.0,0.0,0.0,0.0,0.0,110.0,120.0,30.0,15.0,8.93,20.73,13.93,44.02,11.21,6.82,3.0,0.0,11.0,0,3.62,YA Abdulla,3.52
2472.0,35.83,151.94,2.0,18.0,24.59,156.53,225.0,39.77,0.0,10.5,50.0,40.0,30.0,11.0,9.0,0.0,75.0,0.0,1,9.22,YBK Jaiswal,9.17
3222.0,29.29,144.29,1.0,13.0,18.99,146.44,167.91,34.98,46.0,7.55,31.37,24.93,36.53,12.2,6.7,3.0,153.0,82.0,3,13.84,YK Pathan,13.89
37.0,6.17,43.02,0.0,0.0,0.0,110.0,52.46,62.79,237.0,8.11,22.59,16.71,34.59,9.91,7.52,25.0,16.0,179.0,2,25.69,YS Chahal,26.29
192.0,24.0,108.47,0.0,0.0,16.38,92.14,241.67,53.67,0.0,10.5,50.0,40.0,30.0,11.0,9.0,0.0,10.0,0.0,0,3.77,YV Takawale,3.93
0.0,0.0,0.0,0.0,0.0,0.0,110.0,120.0,30.0,45.0,9.59,31.38,19.62,37.26,11.32,9.45,3.0,0.0,43.0,2,6.12,Yash Dayal,6.12
0.0,0.0,0.0,0.0,0.0,0.0,110.0,120.0,30.0,28.0,10.5,27.93,15.96,34.23,11.04,9.79,4.0,0.0,21.0,2,5.13,Yash Thakur,4.69
47.0,11.75,72.31,0.0,0.0,7.69,48.65,110.0,56.92,0.0,10.5,50.0,40.0,30.0,11.0,9.0,0.0,4.0,0.0,0,2.8,Yashpal Singh,2.42
0.0,0.0,0.0,0.0,0.0,0.0,110.0,120.0,30.0,8.0,10.78,32.12,17.88,42.66,14.5,10.33,1.0,0.0,9.0,0,2.45,Yudhvir Singh,1.73
2754.0,25.27,130.21,0.0,13.0,17.35,97.41,181.02,42.08,39.0,7.53,27.97,22.28,30.96,8.69,6.6,5.0,126.0,73.0,3,12.86,Yuvraj Singh,13.35
117.0,7.8,83.57,0.0,0.0,9.29,0.0,104.12,52.86,119.0,7.8,24.03,18.49,42.23,9.08,6.88,12.0,27.0,99.0,2,16.58,Z Khan,16.59
0.0,0.0,0.0,0.0,0.0,0.0,110.0,120.0,30.0,8.0,9.59,41.75,26.12,25.84,12.0,9.0,1.0,0.0,10.0,0,1.76,Zeeshan Ansari,1.73
